Output_0,Output_1,Output_2,Output_3,Output_4,Output_5,Output_6,Output_7,Output_8,Output_9,Output_10,Output_11,Output_12,Output_13,Output_14,Output_15,Output_16,Output_17,Prediction,True_Label
-3.5845098,7.4547787,3.5065467,-3.6292315,-2.8901293,-0.7203006,-7.1403956,-3.130339,-4.703611,-3.9992802,-0.83123666,-0.75269103,-2.2813811,-1.1880387,11.712231,2.2051032,0.5015049,-3.972288,14,14
-2.7052224,3.91226,4.801706,-4.7612224,-1.9726412,-1.346151,-5.4847164,-4.1809874,-4.4134383,-1.9582705,-2.3894737,1.3583732,-1.1410179,-4.2155304,14.093743,3.6560967,2.4429636,-2.6780465,14,14
-2.686068,3.0498953,4.12825,-5.3404436,-1.0952284,-1.6001934,-6.2422404,-3.961969,-4.120935,-2.010007,-2.7835972,1.8013877,-1.1976196,-4.40146,14.454531,3.8823771,2.0262253,-2.1497219,14,14
-2.6279361,3.0368397,4.8104725,-5.178417,-1.4160078,-0.99314535,-5.8554096,-4.132187,-4.072453,-2.220882,-2.9324067,1.7784573,-1.2207551,-3.8023534,14.525419,3.503102,1.9469254,-2.363456,14,14
-2.5368085,2.9535124,4.5472503,-5.0179644,-1.1746151,-1.1890675,-5.894982,-4.1853805,-4.0859976,-2.0894089,-2.6967363,1.697027,-1.2231601,-4.3047986,14.670479,4.0330257,1.847377,-2.3329484,14,14
-2.4568522,3.1618445,5.0935326,-5.016658,-0.87426,-1.279541,-5.769694,-4.1074147,-4.283541,-1.9930283,-2.868262,1.7599778,-1.3148123,-3.9309826,14.462868,3.515496,2.1776001,-2.3979278,14,14
-4.101881,6.142104,9.618534,-1.0622592,1.7315176,2.3846815,-1.5886962,-4.8748074,-3.3805344,-1.87658,-5.0564246,-1.6766068,-3.9067438,-1.5702571,6.268406,0.5839104,1.9711151,-7.85301,2,14
-5.001146,2.7677472,13.507204,-0.115736485,1.5043585,1.5272337,-0.42223018,-3.5372293,-4.4519997,-0.6994519,-5.432672,-3.0300446,-5.647818,-3.2810214,5.781806,1.661823,1.753659,-7.8892064,2,2
-5.120126,-1.6542215,15.676478,1.1670371,3.855178,-1.829603,3.3446975,-4.720716,-4.5773907,-1.4910437,-4.796481,-7.3656197,-8.037499,-0.6773742,2.7143412,3.1602092,-1.5518099,-8.730463,2,2
-4.2984133,-1.2563087,8.804287,3.404489,6.042593,-3.2311208,1.0473515,-2.8426049,-2.7057402,1.4811856,-3.9813821,-6.5598226,-9.30942,1.6263555,-0.38841474,2.1675014,-4.633661,-7.628455,2,2
-6.7510276,-3.2493758,6.308333,2.739047,3.0230303,-4.671384,0.65047616,-4.946138,-1.4817321,-3.9610364,-2.2334943,-9.711089,-7.393411,0.7930123,-1.837586,7.9673414,-6.7110767,-6.8119125,15,2
-10.327805,-1.7512143,-0.587775,-1.6984502,-3.592998,-2.5237641,-3.627256,-0.9591781,3.1767647,-5.4300365,-4.6930294,-11.945488,-10.122247,9.291098,-7.6337166,-2.4786556,-6.0273886,-6.891567,13,13
-9.887416,-1.586559,-1.1649253,1.6276939,-0.7074687,-1.700333,-2.084556,-2.2901883,0.60492957,-5.97507,-6.4793377,-10.563028,-8.198613,9.251463,-7.215212,-0.52791053,-3.588349,-8.112148,13,13
-10.247658,-0.85016817,-0.9089339,0.3715857,-0.13460948,-3.4970024,-2.301802,-1.959492,1.9542747,-3.8190603,-6.614126,-13.125155,-10.714581,9.920679,-7.836572,-1.740763,-5.4213033,-8.772643,13,13
-8.172401,-2.2328753,2.5369542,-1.4122715,2.1894944,-1.5854765,-1.749657,-1.178295,-0.35809866,-3.259414,-7.4413548,-11.171634,-10.86595,9.137233,-4.72721,-1.2899292,-6.668628,-7.8399324,13,13
-9.201822,-0.6243112,0.59540874,-1.7950569,7.5293913,-4.667433,-0.7962297,-2.8855824,-0.30140528,-1.4497013,-7.5067763,-12.572634,-11.704343,8.204396,-4.5245366,-1.9617004,-5.641583,-10.366645,13,13
-6.6997695,-3.2631052,2.6090157,-4.5307117,7.184059,-4.5205956,1.9599911,-5.200531,5.1647267,-4.042085,-5.4338045,-11.213684,-6.670412,5.464194,-4.957993,-0.35253462,-4.3766685,-7.0666304,4,13
-7.2907166,-3.151823,1.2057483,-2.306301,2.8907745,-4.041202,-3.2651699,-1.7454873,2.4122813,-1.9688139,-4.9604225,-13.534736,-11.182543,8.64957,-3.958615,-0.14187871,-6.7840815,-5.1785936,13,13
-4.8741145,-4.3649287,-3.9870765,-2.1710267,-7.9285836,-6.6227593,-3.9971628,11.052449,-1.6436592,1.6701444,-2.5979521,-4.2659264,-8.354212,1.6987605,-5.0466995,-2.4939206,-3.5802162,-2.2732117,7,7
-5.586736,-3.882254,-4.565532,-3.0872934,-8.807174,-4.1083593,-3.2738914,11.311228,-3.6400914,-1.3319187,-3.0498312,-2.6420739,-6.134848,0.62716115,-5.167142,-1.0646,-3.1045296,-2.6559358,7,7
-6.0157146,-4.5502963,-4.924624,-4.6362324,-6.9507985,-3.9946966,-2.826529,10.507361,-1.2281356,-0.658103,-2.9677775,-4.4247017,-6.843592,1.6321858,-6.047494,-2.227768,-3.392429,-2.1461313,7,7
-5.124106,-4.848206,-5.9638987,-4.498592,-5.2339563,-5.6936655,-3.0331435,7.8152337,1.1667745,2.4589005,-2.4082308,-0.9355506,-1.5975481,-2.3531997,-4.5989666,-3.8125985,-6.5397525,9.315011,17,7
-6.602171,-4.493844,-3.0792115,-7.6393332,-0.6879057,-5.093935,-1.3565174,2.1875172,13.194056,-5.772531,0.5197096,-6.72859,-4.932624,0.87085193,-6.077307,-0.9989291,-7.19997,3.5630472,8,8
-5.3197064,-1.4203733,-5.3360457,-4.5677853,0.34392148,-6.2936053,-1.2311671,1.6087462,12.398816,-4.5865235,4.6048913,-6.619809,-4.452545,1.3061354,-6.560559,-2.1183681,-5.625757,1.35523,8,8
-6.6518946,-3.7743309,-4.4625697,-7.3678923,2.0673347,-6.6272244,-1.3247852,1.2401845,13.683131,-5.9314213,0.34009767,-7.6971073,-5.9524345,1.9553727,-6.0391393,-1.4430039,-6.116757,-0.025062364,8,8
-7.891615,-0.55347395,0.5999397,0.8249955,1.3998237,-3.8035698,1.132661,-2.8097718,2.836677,-3.7880645,-1.2422013,-10.807513,-7.4604735,2.7086802,-3.324269,1.9244099,-4.40113,-6.4612284,8,8
-8.8124485,-1.7976034,-4.9205923,-5.465059,-1.5028448,-4.463192,-1.0742779,-1.1172018,10.833928,-6.900443,-1.4026437,-11.000201,-8.093205,4.778958,-8.165899,-2.788061,-5.574556,-2.407819,8,13
-4.5591297,4.0257006,2.4444687,0.44395092,7.8792825,-2.3209703,7.5843015,-3.290637,3.709363,-1.4713494,-6.7186694,-7.4698305,-3.0208404,-1.2763093,-3.3234808,-2.3334813,-4.360663,-9.371448,4,3
-3.4784763,5.839444,2.8267405,13.372358,-2.6505053,-1.8208867,-1.652517,-2.180439,-4.4556775,1.0412501,1.691483,-4.899781,-5.3497505,0.77591944,-2.3210623,-0.22999123,-0.9276548,-7.360125,3,3
-6.075732,5.730568,2.173893,4.532233,-5.1855903,-1.1446337,-0.9987957,0.47592384,0.7333114,-2.4731677,-0.8377955,-4.9804163,-7.220745,3.480109,-3.9045405,-3.7551332,-2.40408,-6.7907352,1,3
-3.0116498,3.9355397,6.3243656,10.341891,1.7640486,-2.0470042,-0.54433304,-1.6481432,-3.5534859,0.73068404,-2.788404,-5.4256167,-7.7769327,1.5780047,-1.2408032,-0.91207606,-2.293449,-7.9643188,3,3
-3.5419104,4.9331307,0.41515914,4.570663,-2.924848,-1.9174175,-4.87707,-2.3633306,1.8104541,-1.0243495,7.0194736,-3.9389017,-3.6321716,-3.5755632,-0.33766392,3.3619337,-1.067451,-3.9237192,10,15
-5.9648886,-1.9229313,-2.4613452,3.2132382,2.2158165,-7.703701,-0.707596,-3.1828089,2.7895017,-2.0131645,3.558432,-9.270304,-7.260788,0.7577619,-4.4181547,5.6252513,-6.330959,-4.9971046,15,15
-7.330789,-2.99536,-3.0186698,1.2328523,-1.125814,-8.038892,-2.1382844,-3.2590969,-1.5205142,-1.8964137,-0.0164067,-11.513511,-7.5443573,0.31107557,-4.662292,9.754893,-4.174233,-6.3772907,15,15
-6.5611167,-5.7986817,-2.8377035,0.2164857,0.47744346,-7.070325,-5.22728,-4.1806097,-2.99375,-1.2673538,-2.3864048,-7.5855136,-4.6803794,-1.407355,-0.7755625,10.943496,-3.090876,-2.3067653,15,15
-7.247944,-5.8954296,-3.1155765,2.4103072,-2.9830089,-5.9372525,-4.0343184,-4.505966,-3.43758,-2.4718986,-1.6514499,-7.888899,-2.9071503,-1.4188844,-2.6818976,10.709482,-2.0712337,-3.0960686,15,15
-7.094443,-5.4830246,-2.1454496,0.3114697,-1.0654234,-7.9211717,-3.9218373,-3.6508625,-3.5059013,-0.9507296,-1.472237,-9.223672,-5.725587,-1.2386935,-1.5003052,11.088201,-3.4099984,-2.7149234,15,15
-6.572768,-6.1826863,-1.135198,1.5166161,-0.17112797,-7.5598755,-2.4887054,-3.9577508,-3.4016514,-2.9120955,-3.1536396,-8.005927,-5.6728287,-0.6976388,-1.2522596,10.540543,-1.967339,-4.5898824,15,15
-5.801617,-4.564235,-1.8923095,2.3944724,-1.2515559,-6.546658,-5.1318436,-4.0609355,-3.1396337,-1.0509336,-0.70579433,-7.351504,-4.0016227,-0.5620186,-1.7684375,9.175092,-2.226964,-2.211695,15,15
-7.4719305,-3.6004417,-2.9718568,1.1748867,1.990125,-6.0634866,-4.7352653,-3.308864,-3.7983599,-1.7108542,-2.754755,-8.906168,-6.156377,-0.4771578,-2.227359,9.841521,-2.912563,-5.217391,15,15
-8.050161,-6.287224,-4.0750284,-0.63442725,-2.5486882,-7.9786654,-3.466321,-2.4972289,-3.2615619,-3.2892315,-2.901229,-9.800952,-6.8324776,0.20639727,-3.31751,10.501063,-4.0666986,-4.5773005,15,15
-2.9385917,-1.838976,-2.0292907,-0.70481855,-3.0390408,-4.458742,-4.4966903,1.9039766,-7.1442084,10.566831,-2.8629272,-0.13005655,-1.7304316,-0.094579995,2.3860738,0.6013029,1.3229345,-1.6822498,9,9
-2.2785723,-1.7761564,-1.2889893,3.6906488,0.2818309,-7.1427917,-1.3394709,3.2943487,-4.536723,11.834023,-2.097886,-2.8898447,-3.3471181,1.0332167,-0.59971553,-3.0061166,-3.3139977,-3.0245879,9,9
-3.3267567,-4.315854,-0.9146485,-0.3371405,-5.0806155,-6.9535923,-1.4656141,2.695524,-4.042835,11.639074,-0.7765035,-3.508641,0.06314495,-1.1341963,-0.15758452,-2.470331,-2.799829,4.235634,9,9
-3.764536,-6.5536647,-2.9376006,-1.3268107,-4.5823965,-8.412339,-2.747103,3.7918005,-1.1811188,12.319433,0.08766125,-3.75043,-2.1290405,-1.1860707,-3.196614,-3.3834548,-5.841142,7.0845194,9,9
-3.728532,-5.0292478,-2.4259863,0.9060012,-5.0380793,-7.9906197,-3.5210133,3.8030198,-0.6165713,9.199613,0.6697926,-3.449283,-1.6937186,-1.7045817,-2.612274,-2.968312,-5.9736767,8.470875,9,17
-4.5346804,-5.397194,-5.038354,-3.2956936,-6.9467087,-6.3530765,-5.0408664,3.977021,2.583368,3.6281102,2.4290218,-1.6317806,0.76252306,-3.1324944,-3.1787593,-1.9179561,-5.848391,14.619596,17,17
-3.1408675,-1.6216313,-3.995632,0.9486388,-4.982812,-6.7209163,-1.6904067,3.4824314,3.1675735,0.86999846,6.0993495,-3.2284665,-1.5838555,-2.7838416,-4.855111,-1.8319373,-5.270657,7.411789,17,10
-2.279531,0.6773129,-2.8303907,-1.8967502,-3.5445004,-4.862757,-3.9479175,-1.0951979,4.9220777,-3.2561111,9.169509,-3.0346928,-1.5271444,0.026012527,-2.30353,1.0914011,-1.3165894,-0.8599858,10,10
-4.2943087,-1.7080886,-3.159658,-0.71491367,-6.0162854,-7.05626,-1.916773,1.7254534,6.9071856,-3.6218128,7.661421,-5.1914225,-4.8976326,-2.1133049,-3.7814977,2.7493787,-5.4334884,0.13040157,10,10
-3.1678941,0.83441937,-4.8576355,2.0939794,-6.619825,-8.245511,-2.187795,1.6784872,3.7552185,-3.472898,11.71334,-4.9045477,-5.9191732,-1.3019217,-4.7685432,3.0625193,-3.1630578,-1.855131,10,10
-7.0275173,-2.5581775,3.7102616,0.7769727,3.3127046,-7.220892,1.8689526,-5.441909,-0.6152835,-4.4079204,-1.1963149,-11.5478945,-6.4657035,-0.6822217,-1.3241091,9.837041,-5.6321855,-7.1338444,15,15
-7.5735297,-4.8965607,-3.0494866,1.1072694,-2.2269578,-6.068468,-4.942616,-3.9679265,-3.0218582,-2.9015017,-1.9536953,-7.943406,-4.8850718,-1.0515065,-2.862456,10.825762,-2.8212836,-4.235288,15,15
-7.6320634,-5.3968863,-3.3541467,-0.534662,-1.4457502,-7.9127207,-4.3560205,-3.857435,-2.9025886,-3.367749,-1.7868859,-9.529775,-5.3392744,-0.983613,-2.047115,11.473433,-2.95604,-3.701335,15,15
-8.358522,-6.15566,-3.4173925,1.8759638,-1.9534252,-6.760487,-5.632617,-3.2054005,-2.7384634,-2.534709,-2.7378342,-8.486738,-6.2376003,1.141379,-3.512386,9.371409,-4.4124627,-3.3264797,15,15
-6.378203,-4.2904415,0.32260343,-0.5891633,1.0577703,-6.8853745,-3.7626116,-4.6860595,-2.5078237,-1.6397898,-2.6446247,-8.392189,-6.821183,-0.3153508,-0.97750497,9.456855,-1.8495599,-4.973752,15,15
-6.166057,-4.8998446,-0.6511418,1.7241958,1.4972658,-7.490747,-2.862493,-4.511397,-4.4804344,-2.0931532,-1.3918386,-8.190262,-5.482719,-0.41784295,-1.0230702,11.322885,-3.0255694,-4.374154,15,15
-6.900813,-5.0801167,0.21641123,-0.37531418,-1.2328899,-6.298062,-4.426937,-5.086237,-2.0297773,-2.604755,-2.7539446,-8.865918,-5.2264075,0.065329485,-0.17034143,9.285111,-4.2400217,-2.6099458,15,15
-6.9535084,-3.480109,-3.9750955,1.837331,1.6438911,-5.231362,-4.958356,-3.089907,-4.736656,-2.0896983,-3.1563842,-7.815568,-5.5186844,0.15454917,-2.9648576,8.735504,-2.0847483,-5.312479,15,15
-7.4021006,-2.4850917,-2.137382,3.1421962,-4.7044744,-1.9690834,-3.7257173,-2.5209615,-3.4467697,-3.3398366,-3.7412815,-7.2484174,-3.6131415,2.5677867,-5.2657104,4.191365,-1.4825275,-3.953008,15,15
-7.715295,-3.929869,-0.0060346946,-0.9295427,1.7236674,-5.9156246,-3.0992877,-3.076052,-1.1107221,-4.4346037,-4.6132855,-9.52491,-7.101018,0.21242522,-2.4693177,8.829866,-3.175045,-5.9842386,15,15
-5.2177687,0.44182265,6.957385,1.7406749,8.160727,-1.3097664,-0.73424137,-4.3166513,-2.6111684,-1.4351785,-6.724496,-6.760567,-7.956905,2.0785804,0.52074224,1.3843303,-2.7222772,-8.512127,4,15
-6.598105,1.2702651,1.5793132,-1.4025015,4.4263306,-3.3527732,-5.0615535,-4.770248,-3.585789,-1.4926319,-3.8919346,-4.7925296,-6.817951,-0.92958105,1.4551146,7.5272083,0.11416896,-6.9790635,15,15
-4.671762,8.605538,1.8912197,4.3955398,8.821869,-1.1899198,-0.04118578,-4.4941163,1.3937383,-1.5749197,-3.4983075,-8.058789,-5.6439915,2.5810318,-2.9158914,-0.52240294,-4.872314,-9.791867,4,4
-5.879613,-2.8856776,-1.4932461,-5.8188357,4.605912,-6.28052,0.56650394,-1.9781127,8.351103,-4.95853,-0.9875715,-8.147257,-7.125486,1.6870844,-3.4584699,3.4103239,-5.266538,-4.1534452,8,4
-7.4839573,-0.26667035,6.1869545,2.1325936,4.5911245,-3.065592,2.7416935,-5.335246,-1.1798693,-2.0764256,-4.02493,-11.346902,-8.578756,3.0404851,-3.154085,2.3567767,-5.1678123,-10.819081,2,4
-7.64881,-2.4319963,-2.8004851,2.2911468,-5.0675244,-3.1502433,-2.6961067,2.4922779,-2.911407,-0.98870194,-4.0834255,-8.655491,-8.623694,7.908531,-8.149924,-2.7601874,-3.9618568,-7.577323,13,4
-7.613652,-4.6578655,-4.168214,3.0707674,-8.005748,-7.2039437,-1.6684062,9.565148,1.2284908,-3.2802618,-2.903853,-1.4091536,-9.037116,-1.2128375,-8.961943,-6.2228527,-5.3217463,-1.0551945,7,7
-7.37063,-5.7178802,-4.642327,1.1953051,-8.137524,-3.6134658,-1.5054997,9.648766,-0.41725472,-3.9597304,-4.034488,1.9526497,-6.0262156,-2.0107996,-7.5752325,-5.785403,-4.1017537,0.9902358,7,7
-6.7435107,-3.6998153,-4.074827,1.3343632,-4.5084944,-5.354928,2.386601,4.989694,-0.281044,-3.7758741,-4.5013614,4.1866503,-2.7190723,-3.842492,-6.0016866,-4.260607,-1.372128,-1.6482431,7,7
-7.4237156,-4.105164,-4.9920053,0.7244903,-5.177208,-3.4953094,0.30357754,6.041791,3.2405007,-5.589259,-2.9034548,-1.446307,-4.534768,-1.6625684,-7.3610106,-3.988342,-4.473785,0.99386156,7,7
-7.844573,-5.4902964,-4.716916,-1.0769794,-8.38237,-1.6510764,-1.6129725,6.828987,1.808508,-4.7813845,-3.2973735,-2.57461,-4.147229,-1.3661033,-7.709984,-4.457079,-4.896332,2.0316563,7,8
-9.1072855,-3.0074732,-5.562881,0.8277775,-9.457025,-3.3350227,3.1188862,2.298209,5.6958456,-3.346108,-4.4602942,-5.122104,-2.8809726,1.1428974,-10.884086,-5.2356057,-5.2521305,-1.8538939,8,8
-7.7586985,-1.8095384,-4.734283,-2.923405,-4.4646163,-3.5459013,1.2217093,0.098228425,12.4262085,-3.8544,-5.4272943,-5.997227,1.4049555,-0.18486094,-8.756257,-6.19395,-6.421821,-0.16328858,8,8
-8.780618,-4.6439066,-3.232987,-1.5415357,2.6293206,-5.6149735,2.5958545,-2.307061,7.013073,-4.5180135,-2.4028745,-11.91852,-8.585936,5.8501444,-7.755413,-0.051132098,-6.73387,-6.4118013,8,8
-9.084956,-2.3087244,1.600653,-1.127575,2.738587,-3.0440555,0.58010566,-4.358643,5.348449,-4.3028383,-3.3048956,-11.403464,-7.33635,7.592952,-8.035476,-1.3618951,-5.502204,-7.3972454,13,13
-10.641302,-2.2393246,-0.7379606,-1.571539,-2.137886,-1.6153682,-1.9969317,-1.6943483,2.3559725,-5.1592827,-6.799293,-13.197101,-9.482571,10.184052,-7.8977485,-2.0468895,-4.8227715,-7.2004747,13,13
-8.496987,-1.0432954,0.32932073,0.12278792,2.0287738,-0.9439849,0.12873887,-2.0580862,1.9320551,-2.77342,-7.9541264,-9.109564,-9.369274,6.7996454,-5.1845474,-2.2894921,-5.4537444,-8.2728815,13,13
-8.792274,-2.125787,1.5827742,-0.7463118,-3.0222018,-0.30645514,-0.92573595,-0.9326608,1.5698637,-5.4023547,-6.3173122,-9.391099,-9.369587,9.407112,-7.2679586,-3.3588006,-4.548058,-7.955365,13,13
-7.9720826,-0.80906314,0.89175564,-1.7935616,4.8658266,-2.9947464,6.886372,-4.47031,7.1123424,-3.2185771,-7.3636475,-10.520367,-4.696003,4.0794415,-7.463728,-2.9634964,-6.275775,-7.493653,8,13
-7.816788,1.2935656,2.3471758,1.121739,3.5569184,-0.7617616,-1.8166785,-2.1940012,2.6794963,-3.3795624,-4.786907,-9.541217,-8.424632,7.8657875,-6.14984,-3.4329755,-5.169404,-9.56332,13,13
-11.044902,-3.3734837,0.36959302,-1.8944964,-2.0054445,-2.3241627,-1.9707026,-1.8089619,3.0590563,-4.8154297,-6.108425,-13.13925,-10.348072,9.868286,-8.161022,-2.6165597,-5.601031,-6.83634,13,13
-9.9446945,-3.7371736,-0.77084976,-1.3998982,-1.2373133,-0.9552232,-2.0251932,-2.9396522,4.135912,-5.8436866,-6.1855097,-10.942999,-6.6526384,8.216195,-7.957818,-2.1777377,-4.0909424,-6.3643756,13,13
-10.024428,-2.7495668,0.85057384,-1.3209596,-5.422713,-0.05763237,-2.5767167,-0.77134347,0.43396163,-5.0712137,-6.209536,-10.616773,-8.737481,9.761559,-7.666607,-3.022583,-4.3560767,-6.3050327,13,13
-8.806317,-4.922788,0.7179097,-1.5404699,2.7908225,-4.142971,-0.266506,-3.9534578,0.55819726,-1.8294541,-6.9988017,-12.313744,-8.352077,6.429424,-3.899514,2.5012743,-3.682469,-8.076018,13,13
-10.14937,0.32320946,2.300191,0.5856697,-2.333525,1.8734928,-2.0895655,-2.2265933,1.9999127,-5.238595,-8.187544,-9.971316,-9.293351,10.171947,-7.5357566,-4.4386506,-5.5325894,-8.626019,13,13
-10.628693,-3.4129791,0.4038348,-1.2734872,-3.758744,-0.7376593,-0.6579926,-3.224995,2.4105625,-4.7712255,-6.940893,-11.633465,-7.4455976,9.117719,-7.148205,-1.9840999,-2.4337656,-6.7784796,13,13
-11.415056,-3.747305,-1.5321923,-0.36001524,-4.2812777,-3.0469444,-0.9708607,-1.025292,-0.7185057,-4.602582,-8.353898,-12.9733515,-10.5171795,10.012941,-8.523604,-2.041689,-3.7126021,-9.80669,13,13
-9.641365,-4.0469117,0.8923758,-2.0842354,-4.530778,-1.833986,-0.025325883,-2.2366726,-0.44369158,-3.966414,-6.645004,-9.664918,-7.2406373,8.311248,-6.7205424,-2.3924928,-1.2622291,-7.7274446,13,13
-9.328959,-1.5560956,-0.3349249,-3.5138805,8.51145,-4.286431,1.156912,-4.607364,2.1179245,-3.4448977,-7.8653483,-13.11339,-9.545176,5.8711243,-4.980409,-0.035435848,-5.149144,-8.892782,4,13
-8.845064,-0.15494977,2.7101004,-1.4731154,4.4069977,-1.7586117,-2.6903703,-3.1033537,0.82893986,-3.8667014,-7.172063,-12.290134,-10.607258,8.519899,-4.721119,-2.6131275,-4.1571813,-9.935126,13,13
-10.566099,-1.8257806,0.25060153,-0.86089,-1.4426589,-0.43632197,-2.2338789,-1.6963118,1.2296461,-3.7437408,-7.4924984,-12.336157,-9.96339,10.509554,-7.1257772,-3.3539696,-4.284435,-7.0198536,13,13
-9.077376,2.0424318,1.1572678,0.3236127,-0.64179796,1.701765,0.21250658,-2.5819268,1.9671081,-4.509866,-7.672956,-10.5677185,-7.269852,8.364488,-7.114464,-5.03569,-5.272341,-8.472863,13,1
-3.0787954,8.092907,-1.0730413,1.5833592,8.265684,2.712839,-3.434511,-2.1557984,-2.8189151,-1.9286116,-3.8192003,-3.1507387,-5.1329193,4.0306396,-0.8012034,1.1031203,-3.360461,-9.287174,4,1
-2.9368246,11.703375,2.7882633,1.3636436,-0.5983868,2.6831582,-8.084977,-2.2718894,-6.4005446,-1.6087034,-0.29354918,2.5094666,-2.844362,-0.46184912,7.443002,-0.25657612,0.6036944,-4.9326553,1,1
-4.408413,6.1251144,9.830549,-3.7111647,1.6103823,0.5980893,-1.640789,-4.9430714,-2.2832136,-2.615859,-3.2934644,-4.453714,-3.8145077,-3.800842,8.0446005,2.0090292,0.73587763,-7.338107,2,1
-3.8914156,5.156285,11.399391,-1.1798145,-1.2724345,2.7511704,-2.7546139,-4.152376,-5.507923,-1.1362567,-3.5641315,-0.6538873,-3.3476653,-3.528548,7.265521,1.3429775,3.28411,-5.913313,2,14
-2.201723,3.2423952,7.167476,-3.8155334,-0.15596744,-0.34316924,-4.1853147,-4.6932545,-4.9798994,-1.4177753,-2.7132227,0.8982657,-1.9332613,-4.096063,14.020991,3.9629958,2.1032882,-3.4386575,14,14
-3.004612,4.2963557,5.0445514,-4.748815,-0.6083282,-0.51562256,-4.5445824,-4.6633263,-4.267548,-2.5935664,-3.2384722,1.5237688,-1.2051079,-4.0302677,14.034104,3.516563,1.9245224,-3.109089,14,14
-2.1475651,5.9299507,4.2857656,-3.2050595,1.3121603,-0.2921691,-6.33159,-4.1317954,-5.2668233,-1.1795555,-2.581395,2.5336647,-1.719065,-2.9156797,13.518259,2.5587473,1.3940583,-3.055861,14,14
-2.5708208,2.8694456,4.318119,-5.2495008,-1.6398871,-1.1013955,-6.122718,-3.8661122,-4.5008388,-2.3661485,-2.6394114,1.9900383,-0.94428927,-4.2379074,14.503735,3.6832006,2.3083556,-1.837414,14,14
-2.592412,3.1679952,4.2347727,-5.3492007,-0.8639948,-1.4939799,-5.9314528,-4.2718034,-3.9921496,-2.1372383,-2.5383115,1.6559216,-1.3618262,-4.0578313,14.62152,3.81046,1.864538,-2.38979,14,14
-2.581521,2.982223,4.713326,-5.092195,-1.292238,-0.9659317,-5.7603345,-4.2398343,-4.2914076,-2.2487602,-2.8046112,1.7712563,-1.1509339,-4.156527,14.720544,3.8429592,2.136949,-2.4280252,14,14
-2.6865206,3.705374,4.9437532,-4.6645,-1.412328,-0.5560338,-5.8674054,-4.2297297,-4.452022,-2.3818612,-2.6851044,1.5812737,-1.1726525,-3.6225078,14.3885975,3.2247927,2.116979,-2.6164625,14,14
-2.449048,3.5005548,4.781531,-5.159494,-0.35583732,-1.8156794,-6.1873884,-3.9847913,-4.0752993,-1.6720299,-2.377183,1.6771195,-1.6239139,-4.387758,14.685245,3.7284653,1.844588,-2.1616862,14,14
-2.396924,3.3449686,4.119866,-4.718533,-1.6352305,-0.728088,-6.1371846,-3.8819618,-4.663675,-2.3027742,-2.6336036,1.9070271,-0.8509529,-4.0052156,14.59794,3.8157308,2.146492,-2.0622413,14,14
-2.7769084,3.344671,4.7079067,-4.7582736,-1.7681034,-0.7108004,-5.4118524,-4.1563296,-4.557056,-2.6575382,-2.969905,1.5523618,-0.82903546,-3.9538012,14.462082,3.6735945,2.165936,-2.469302,14,14
-2.438537,3.2033355,4.45335,-4.6428447,-1.771455,-0.74944746,-5.4406304,-4.320715,-4.538156,-2.4227755,-2.6436849,1.5149002,-0.6496408,-4.119455,14.264305,3.9125867,2.2037244,-2.3006272,14,14
-2.473701,2.7665644,3.8224344,-5.259507,-1.3910935,-1.4642631,-5.97366,-4.3702397,-4.499202,-2.1751645,-2.5027127,2.2971618,-0.4765584,-4.2290397,14.302939,4.03184,2.4862905,-1.72842,14,14
-2.49014,3.0898025,4.731009,-4.871997,-1.6464739,-0.9868169,-5.6301475,-4.176297,-4.5481505,-2.252537,-2.7789698,1.7381549,-0.8832672,-4.0866,14.3298025,3.722898,2.2944546,-2.2608774,14,14
-2.578468,3.173318,4.0674734,-5.239614,-1.1313963,-0.99160224,-5.965959,-4.018935,-4.480683,-2.5505881,-2.8256617,1.9722475,-0.80988234,-4.3459787,14.535514,3.836111,2.2812333,-1.9985354,14,14
-2.8036416,2.4423223,7.129835,-4.3310213,-2.2636523,0.025645807,-4.9551263,-4.3411875,-5.5314894,-2.070267,-3.397993,1.9758154,-1.0367233,-3.8882775,12.824823,3.0114262,3.0305498,-2.309531,14,14
-3.7442017,1.996611,8.998754,-0.7753412,7.9906616,-3.5306795,4.036633,-3.7125945,-4.7026896,1.5202014,-4.5547767,-3.9175158,-5.6932187,-3.2640493,3.243985,2.714647,1.5887878,-7.0094204,2,2
-4.4150443,1.6553844,12.988958,-0.09257163,4.2095532,-0.30245367,0.14653568,-4.516323,-4.465415,-0.9966253,-4.8750043,-4.734538,-5.7235503,-2.1951394,4.8525963,3.8496423,-0.54915947,-7.9370227,2,2
-4.6027966,-2.5801728,14.129152,-1.2742492,6.3382883,-1.0081673,3.6779113,-3.765303,-3.51933,-0.73742145,-6.2763495,-6.546776,-6.604882,-1.7215693,2.4925416,2.4656174,-1.0073237,-7.372694,2,2
-7.945928,-1.0071946,6.959546,-0.28169432,0.7118612,3.1090872,1.4677428,-3.1282926,-2.7411442,-3.0990117,-7.3568892,-6.275916,-5.534537,2.209051,-1.7297673,-0.83865017,-1.286592,-7.264074,2,2
-9.119751,-1.2545367,1.841559,-3.6776474,-5.319675,4.5561233,-1.4242209,-0.044239104,0.33462217,-6.491158,-7.477389,-7.95643,-6.8282585,8.51909,-7.1924753,-4.3723145,-3.0047975,-6.2746067,13,13
-10.818364,-1.4376221,-1.8009313,-0.7158396,-2.12944,-0.61784613,-2.75558,-2.0461416,1.1291797,-5.0270844,-7.5571113,-12.252023,-8.54437,9.858477,-7.4768724,-2.0751681,-4.567631,-6.6156573,13,13
-10.153273,-1.3126419,-0.77223694,-0.4774823,-1.6584249,-0.4909513,-2.7081778,-2.6897006,-0.3215566,-5.296459,-7.468597,-10.908272,-8.592606,8.459771,-6.3468156,-1.3555391,-2.428691,-8.0386715,13,13
-10.978008,-3.1362426,-2.4934173,-0.43908116,-3.934727,-2.5668938,-2.2584891,-2.4934337,0.6828342,-5.466524,-5.867338,-14.909157,-9.775019,10.436613,-7.864772,-0.367756,-4.8184953,-6.9120655,13,13
-11.28494,-3.4391994,-1.82141,-0.93055075,-2.7600403,-2.257837,-1.6393145,-1.9677553,0.74518096,-7.160956,-7.9094443,-12.64015,-10.002713,10.100151,-7.99263,-1.1591861,-4.2373686,-8.176287,13,13
-8.495537,-3.1966655,-0.23749906,0.7240935,-1.032927,-2.3503718,-3.1138496,-3.536831,1.5693699,-3.633947,-4.5536385,-11.63195,-6.8813276,8.17678,-6.208551,1.0589578,-4.2361813,-4.806018,13,13
-11.476985,-2.0993145,-0.6093072,-0.29625687,-3.6206572,0.30749732,-2.5418577,-2.9026918,-0.5681664,-6.3098216,-7.001795,-13.038959,-8.754415,10.426638,-7.8721495,-1.2697003,-4.085918,-9.053927,13,13
-9.655141,-0.9339365,0.32234195,-0.83268726,-1.875437,-0.088775806,-3.4081116,-2.991337,1.3805257,-5.266611,-6.110503,-12.135878,-8.778485,9.45115,-6.2548213,-2.0698297,-4.411329,-7.2052975,13,13
-9.728172,-1.897756,0.19642207,-1.3370034,-0.6145522,-0.4589032,-1.7518836,-1.0544167,0.50621617,-3.5414777,-8.020108,-11.489847,-9.89393,10.449708,-6.9201655,-3.0447667,-4.9841404,-7.2989225,13,13
-8.052709,-2.0515027,1.0429877,0.15791559,-0.53091484,-0.7962292,-1.9163897,-3.429666,-0.20498222,-4.5641503,-7.328185,-9.196822,-7.813482,5.717047,-5.220217,0.52842903,-2.3289459,-7.508377,13,13
-8.929125,-3.795866,-0.049068473,-2.4665039,-0.33837336,-3.3567548,-0.61661756,-1.9230406,-1.0179902,-4.1286373,-7.9241652,-11.520317,-9.516125,8.823138,-6.1695137,0.011610568,-2.4323595,-8.233392,13,13
-11.357515,-2.414464,-2.6231124,-0.20699236,-3.4969623,-2.3505723,-3.1890507,-2.5661767,-0.77051544,-5.7002945,-7.3000503,-13.574772,-9.921073,10.57245,-8.378273,-0.8445956,-2.9175467,-9.242244,13,13
-11.23355,-3.222378,-2.0652466,-0.9812641,-6.6015925,-1.8144169,-1.286784,-1.2921953,-0.29875088,-5.3140507,-7.3267016,-12.760445,-10.288412,11.054393,-8.678045,-2.6597865,-4.1372905,-9.112113,13,13
-8.721767,-3.570051,-3.29061,0.6299964,-0.853404,-3.5209491,-2.3215597,-1.5807523,2.434783,-3.9962995,-5.2694874,-12.488491,-8.9110155,9.90442,-7.699461,-0.48297787,-4.5172334,-6.113347,13,13
-11.141079,-3.9271023,-2.2066638,-0.17553802,-4.157757,-3.1542945,-1.2973211,-2.2064524,1.1205108,-4.698316,-6.543336,-13.231313,-8.816469,9.730242,-8.662033,-1.1651311,-3.9018097,-8.216974,13,13
-9.75596,-4.1945515,-0.92132354,-3.1559992,-1.1800725,-4.420735,-0.89660686,-0.19205654,0.974085,-3.0289474,-6.4097404,-12.659333,-10.201196,9.304957,-6.7045736,-1.6362679,-5.453277,-7.200312,13,13
-5.5105095,-3.6798444,-5.0758357,-1.4898393,-8.418794,-4.152361,-4.067555,9.366862,-4.9288225,2.2225165,-1.7921259,-4.804246,-6.9028187,1.6765952,-5.5473313,-1.9594402,-2.0749767,-2.9120142,7,7
-4.957987,-4.3914213,-4.7384853,-2.9778495,-8.955513,-4.3404956,-3.7856922,12.366793,-3.667263,0.6860938,-2.4215207,-2.783972,-6.5118175,1.2182709,-5.3321977,-2.1540196,-3.4634647,-1.3062868,7,7
-3.4853885,-4.8823795,-2.5520465,-2.8273246,-7.0270205,-5.551147,-3.4690046,9.583101,-4.4085803,4.3473487,-2.0310214,-2.2474732,-5.3281946,0.6938823,-2.0536244,-2.2835255,-2.1193423,0.24069239,7,7
-2.96957,-6.491559,-2.2738705,-1.5504079,-5.6943574,-7.6274943,-2.9582126,6.2153616,-2.5062084,10.548398,-1.3660613,-1.9758103,-2.3396456,0.062791124,-0.765257,-3.5889742,-3.2786338,3.2255466,9,7
-4.112237,-4.4451437,-4.473982,-4.010182,-5.923488,-5.192309,-6.8997607,6.186191,0.4570283,0.26266825,-0.041788325,-0.2788079,-1.0662038,-3.1349177,-2.323069,-0.5926776,-4.9829826,9.248681,17,17
-3.961319,-1.0633754,-5.876669,0.3024455,-6.2169514,-7.666875,-0.84377986,2.765836,5.3543377,-3.6182873,9.861863,-6.452819,-5.0587897,-1.4279548,-6.170729,2.349442,-4.6969285,0.5349886,10,8
-6.1929984,-2.5434966,-4.730644,-6.3382754,-0.17150083,-6.3856626,-0.85052025,0.20050311,12.560687,-6.31001,2.9745636,-9.028657,-4.138192,1.0127115,-6.4551115,-0.7987867,-4.918463,-1.4145601,8,8
-4.7382874,-1.5605191,-5.154094,0.5220874,-7.317737,-8.913241,-1.8243113,2.7674754,7.9145665,-3.7355225,9.536738,-8.032271,-5.50662,0.00967652,-5.22027,-0.008864224,-4.733132,-1.461984,10,8
-9.436361,-0.8813903,0.33736673,2.3927817,-1.6204462,-3.670213,-1.2932664,-1.4867634,2.5508578,-3.934223,-4.933788,-13.089834,-10.857236,9.186922,-7.658368,-3.691253,-6.2516713,-7.5076194,13,8
-10.527471,-2.926343,-0.38784415,-1.8950117,-2.5443585,-1.8550019,-3.0799139,-1.1648484,2.9153738,-5.216284,-5.866438,-13.0218725,-9.890158,9.727791,-7.0618258,-2.5463085,-5.6307836,-5.596591,13,13
-3.335074,2.3660932,-2.2571192,4.962276,-8.724512,9.153414,-0.09257136,3.465768,-2.7654402,-4.358523,-4.962771,5.654617,3.7899685,-1.3780526,-4.20369,-5.5415454,2.410987,-2.4823654,5,5
-6.2933655,4.0519,0.35254887,1.3679285,-5.355713,11.305562,2.1104438,-0.7866856,-0.9005779,-5.0151453,-5.6727424,-1.2855984,0.9289157,1.3485905,-5.0849543,-5.677699,2.1639051,-6.5596037,5,5
-3.3268907,6.261043,-2.0861585,0.88795525,-4.8715796,11.298017,2.9076204,-2.0656033,-1.6634417,-5.4514465,-5.3873835,3.5422752,9.2163725,-2.460313,-2.8362596,-5.793585,2.8271723,-2.3431,5,5
-5.9057674,-1.6479039,3.4734635,-1.78284,-7.5501904,2.9647636,-0.400167,-3.1500897,-6.9000783,-0.49449933,-4.6014977,-2.008184,0.25869882,-0.07561134,-0.73950934,-1.401195,10.3847685,-5.900779,16,5
-7.47063,-3.3155396,-1.3468647,1.193157,-8.304176,0.16164668,-0.2954877,-1.2854537,-4.980534,-3.7425258,-2.699454,-3.9983473,-1.1845342,2.3942633,-3.9310827,-1.8839495,6.668056,-2.6801462,16,16
-5.8317204,-2.8462777,-0.5277217,-2.1946118,-5.8901114,0.7756603,0.7048704,-2.9435682,-6.68625,-0.73754257,-4.7611017,-0.63267696,0.27457422,-1.6204029,-1.1212568,-0.88133305,12.497645,-5.717786,16,16
-6.0816507,-2.5022018,-1.6373006,-3.0904424,-7.219786,1.1850092,0.7668352,-2.3315985,-5.977011,-2.679947,-4.6761928,0.4385912,1.2109747,-1.5526435,-1.4922259,-0.798995,12.027078,-5.563235,16,16
-4.938974,-1.3240626,-1.3515235,-0.098174125,-5.0634265,0.30069774,-1.0751976,-0.32881033,-8.455639,-1.9904095,-3.860783,0.7679409,-1.3231642,0.5865015,-1.4826252,-2.8168187,12.409541,-6.140874,16,16
-6.4944267,-1.1753045,-1.2396106,-2.372335,-5.63214,1.112052,-1.0127641,-3.080641,-7.520495,-1.5594392,-4.9521594,-1.1913203,0.50347453,0.19461618,-1.6681439,-1.0139568,12.536342,-6.998477,16,16
-6.4481306,-2.288746,-2.5832198,-1.9944447,-7.6880054,3.1253705,-0.020488009,-1.036901,-7.004954,-3.7521288,-5.2591863,-0.120907456,0.81940264,-0.35864595,-2.2489507,-2.2485054,11.8317175,-6.1817045,16,16
-6.708044,-2.1484253,-1.0598334,-2.3394392,-6.0929904,0.38353932,0.32492983,-3.0995162,-6.7955403,-1.6262255,-4.926055,-1.3251344,0.5322268,-0.9502528,-1.8993442,-0.7973079,12.501044,-6.471239,16,16
-6.14804,-2.9736514,-0.8236904,-2.4002652,-5.9407773,0.1702282,0.7182592,-1.595887,-7.604324,-1.7756746,-5.0907845,0.14752805,-0.44733632,-1.6455088,-1.594414,-1.0027695,12.347083,-6.3797565,16,16
-7.3900146,-2.5063305,-5.0996037,-0.22624159,-8.958839,-0.12114529,-0.85482717,-0.238783,-4.5447354,-4.02128,-4.129687,-3.9393613,-1.5311407,3.0346997,-5.8187075,-2.4750528,7.2086215,-4.995165,16,16
-4.415827,-2.374282,-4.1869435,-1.2951914,-3.7250955,-1.7679341,0.35217994,2.3389142,-5.5567613,-3.7853203,-2.2517004,2.4779117,-0.41640097,-2.021247,-1.6009356,-2.187506,8.349202,-2.4561996,16,11
-5.257641,-3.6087835,-4.5534463,-0.15888588,-6.863475,-0.836875,-2.0347059,5.5509186,-4.4521575,-4.199263,-4.693664,11.946955,1.3458792,-4.3214865,-2.1019795,-4.013598,2.785563,1.6430321,11,11
-5.025908,-4.050868,-4.194363,-1.6165823,-5.6036363,0.09501378,-1.9584733,4.5581055,-4.2708817,-4.6151094,-5.139866,11.765153,1.753528,-4.2478724,-1.2671615,-3.8612077,2.7860947,2.2281926,11,11
-5.0878763,-3.6602085,-3.5058777,-2.4911714,-5.2812066,0.8670544,-1.996415,3.3975902,-3.6187508,-3.8626456,-6.4082417,11.078327,2.9040308,-4.8229575,-0.21238735,-4.260023,3.0508533,3.0878508,11,11
-5.8124633,-3.942495,-3.6057036,-1.3722025,-6.579079,-0.69423914,1.3431109,3.5523596,1.2463821,-2.9108214,-4.988583,0.9899992,0.7466345,-2.6712413,-3.995701,-4.570715,-1.4279464,2.894097,7,17
-5.018766,-4.6499753,-4.089809,-3.4274216,-5.9404826,-1.0022355,-2.2713435,2.1315026,1.5856458,-3.5077755,-2.616288,0.30950382,3.22563,-3.0665174,-2.8740551,-2.883359,-3.367518,9.874312,17,17
-5.0666785,-3.420614,-4.578099,-4.53536,-5.247361,-1.4271021,-0.29126024,0.6676041,4.2438903,-4.542932,-3.2459238,-0.40526658,4.5977297,-3.7468784,-4.137281,-3.3292582,-3.907765,8.899304,17,12
-7.9320083,1.3041848,-4.3630013,-0.0066852346,-6.951745,0.8061727,0.46259022,2.2587411,7.1963916,-5.3473167,-5.6803613,-3.8344924,-0.012183979,-0.9947498,-8.918546,-6.4832363,-6.510308,-1.1557889,8,12
-4.9893875,-0.50600326,-4.4957147,-3.0631535,-7.5012393,5.2214913,0.41472584,-3.007434,2.622839,-3.585544,-5.628058,3.0633514,13.467777,-5.1302137,-4.491598,-4.6521373,0.25051647,2.5188076,12,12
-5.088467,-0.24239276,-3.700331,-1.6931472,-8.163666,6.4931006,-1.4507086,-1.3277706,-2.524704,-4.5773654,-4.5089583,3.4092844,5.688795,-1.312825,-2.8808389,-3.1564572,6.745319,-0.27617618,16,12
-6.0992107,-1.3782992,-2.3088467,-1.60573,-8.952102,2.4693518,0.05627218,0.27375448,-6.64941,-3.0975454,-3.9871967,0.03978069,0.19064151,-0.41089544,-3.728794,-1.7667148,9.817895,-4.961276,16,16
-5.3610773,-3.0325572,-2.485939,-0.9437044,-7.183983,3.3777635,2.0816875,-0.6699284,-6.003041,-4.4536977,-4.7755847,3.6373591,2.2846048,-3.2792726,-2.5031102,-1.2556963,9.29463,-3.7458513,16,16
-5.146347,-1.5184427,-0.43366888,-1.213118,-4.898897,0.7435496,0.97746146,-1.5161656,-7.76074,-1.5394652,-4.497854,0.21883115,-0.010542527,-1.9756957,-1.176516,-1.1342857,11.929674,-5.762104,16,16
-6.227127,-2.6853483,-1.7447499,-2.987079,-4.4222965,-0.4214641,3.068722,-2.8773541,-5.824871,-1.6529685,-5.013878,-0.5924854,1.621346,-2.0292704,-2.2756736,-0.80897754,12.191627,-6.2627316,16,16
-5.4445615,-4.9345584,-2.245032,-2.8883367,-7.0650845,-1.0843998,0.9434948,-1.0756334,-5.368249,-0.213361,-4.783377,0.11710858,0.921338,-1.0812805,-0.023904122,-1.5776021,9.310219,-2.460899,16,16
-5.417485,-2.705766,-1.466148,-1.0024966,-6.2107677,-0.43839532,0.74671286,-2.8956246,-5.806293,-1.6633843,-3.1293278,-0.7553302,1.0746242,-0.5022471,-1.6289154,-0.6612638,12.352491,-4.370594,16,16
-6.885643,-2.5530062,-0.6843098,-2.7161262,-6.072388,0.37919492,0.6241329,-3.7524962,-6.31913,-2.6614342,-5.0568357,-1.474182,0.45773792,-1.135507,-0.9773425,-0.188607,11.716349,-4.9823384,16,16
-7.544921,-2.7748177,-0.57793,-2.416155,-8.013612,1.3443356,-1.2425308,-2.752563,-6.3139005,-2.291272,-5.2852235,-4.235172,-1.1378156,4.195436,-3.7406676,-2.613769,10.100383,-7.512326,16,16
-5.889486,-2.7293754,-1.7547128,-2.9490964,-4.663615,-1.0195708,1.764523,-2.4910238,-6.4106946,-1.7576199,-4.1691494,-0.3258366,0.6956449,-2.0350094,-1.6200842,0.08643549,13.071415,-6.2985926,16,16
-5.2137203,-1.3879807,-0.090937935,-1.1886984,-2.2926831,0.05185528,2.4347205,-3.2809472,-6.8323298,-1.2465861,-5.0901923,-0.4391761,-0.69598705,-0.957487,-1.415519,-1.3197229,11.755445,-6.19996,16,16
-4.6299667,-3.6897345,-0.76334727,0.8873261,-1.9722457,-5.8030353,13.549725,-0.4460491,-1.9255909,-1.9263805,-2.829494,-6.2727666,-0.36125994,-2.335974,-6.858039,-3.224435,3.478179,-8.089635,6,6
-3.5916538,3.6418943,3.449603,3.4556267,1.6040986,1.7809818,16.534845,-5.4085875,1.9484444,-4.276362,-4.5837045,-2.5979176,1.6699041,-2.535125,-4.8323812,-5.2293262,1.5412791,-6.161337,6,6
-8.86309,-3.7837112,0.80921924,-3.1463609,-0.7347215,-2.4527507,8.543252,-2.8740315,9.632859,-5.1601624,-5.652177,-8.817323,-2.0444453,-0.114555225,-8.8217,-4.391533,-4.3857074,-5.6011496,8,6
-10.650337,-2.36858,-1.8601179,-1.48592,-0.87260205,-7.2880588,-0.015030898,-3.754528,3.9287527,-5.1918807,-1.8556882,-15.128847,-10.52289,8.338655,-7.6985955,-0.023956656,-6.096213,-7.136718,13,6
-10.748316,-0.80373454,1.1024432,0.19355068,-0.19262639,-0.88152945,-3.8147101,-2.9308074,1.3082725,-5.30506,-7.033007,-13.118562,-11.083221,10.953131,-7.8435903,-2.7271147,-5.0726957,-9.968704,13,13
-6.6568522,-4.880965,-6.2947206,2.5069642,-5.47999,-6.266643,-2.0406141,7.775137,0.57870656,-3.259411,-1.3916246,-2.941196,-7.4564056,0.3015857,-8.315483,-4.7647505,-4.623757,-0.99155784,7,7
-6.3125486,-2.9722657,-4.269916,1.5137993,-7.4507375,-3.0767002,-3.5920315,9.284358,1.2035846,-4.8709273,-2.1010861,-3.66838,-8.125441,1.2240669,-7.664494,-4.942728,-4.8273206,-1.399655,7,7
-7.28195,-5.0365467,-3.1299396,-0.3384808,-8.964641,-0.21581285,-0.02826479,7.0792074,-0.2789512,-6.1067038,-4.7839684,-0.46746448,-5.015051,-0.77783436,-6.3089914,-4.7238383,-2.011201,1.1773485,7,7
-7.3841095,-3.4329388,-3.6764872,-0.7540513,-6.259968,-1.6703678,1.2139406,8.134429,0.6535074,-5.722534,-5.5494604,-1.8245453,-6.804305,0.17547026,-8.188472,-4.654994,-4.2877083,0.273151,7,7
-5.5362487,-4.716356,-3.8940241,-3.844764,-5.5621753,-1.8867934,-2.388921,2.4939635,2.7662075,-3.5462198,-2.9890997,-1.5535209,0.6416739,-1.9569267,-3.6176593,-3.2107537,-3.90739,10.1092825,17,17
-7.4623165,-3.5257392,-4.2558084,-3.1141152,-5.79593,-5.400834,2.598474,0.2215038,10.585367,-3.5758958,-4.107793,-5.7776937,0.5931139,-1.9824761,-8.14514,-5.164751,-7.042815,2.2169418,8,8
-7.4281464,-1.977869,-4.3055873,-1.9245853,-3.9817452,-1.6354687,1.6376586,-1.0937424,12.485134,-4.18272,-4.022118,-8.06105,0.6183148,0.7487143,-9.785237,-4.948337,-7.9229417,-0.44129416,8,8
-8.283858,-0.27554506,1.0295421,0.74608433,-3.3241131,-3.2178142,4.452192,-2.7181606,10.406339,-3.8064542,-5.4271817,-6.895401,-0.7616609,-1.8645797,-7.4446373,-4.4030776,-7.664458,-3.7469146,8,8
-9.421024,-3.9310822,0.09439987,1.7488604,-4.327779,-1.9531722,8.44899,-3.2765906,7.884339,-3.8624809,-4.6456814,-7.2665186,-0.8469439,-2.4496768,-8.690184,-5.163643,-4.712599,-2.3101594,6,8
-11.153234,-2.7885804,0.70343876,-0.2663112,-4.479674,-3.1545365,-0.2612071,-2.1866987,1.2560272,-6.5138063,-5.694238,-15.235336,-10.234453,11.231409,-8.207445,-1.9980106,-5.6353354,-8.510528,13,13
-10.87317,-4.179612,-0.3889766,-2.3228488,1.8109598,-5.301019,0.4196735,-3.6705627,2.5713778,-4.886157,-7.36271,-12.801993,-8.886224,8.4226465,-7.7807145,-0.63427246,-3.4175024,-8.074093,13,13
-9.266666,-3.366202,0.38617536,-2.033107,1.7528353,-3.4362798,-1.0577257,-4.0642834,4.7417493,-4.514906,-5.735451,-12.556376,-8.790856,9.645274,-7.7942486,-2.3097339,-3.8033195,-7.5529556,13,13
-9.077719,0.1998386,-3.417142,2.7945027,0.7466267,-4.7849813,-1.2048204,-0.39618963,3.4622037,-1.7087034,-4.110934,-10.524108,-10.201835,8.667877,-7.5219007,-4.675996,-6.6843348,-7.0765877,13,13
-8.578153,-2.8521316,-0.34656733,-0.4401918,3.3234885,-3.6160917,-2.436035,-3.2449784,3.467491,-3.6236157,-4.3651915,-12.840299,-10.11742,9.282954,-6.91511,-0.5025877,-6.38006,-7.6799364,13,13
-6.8697248,5.5817356,2.3349547,-0.14570239,1.4562104,4.4605474,0.5296868,-3.528016,0.73497957,-3.9270253,-4.488868,-9.014089,-7.721771,6.8294086,-4.7942524,-2.733772,-2.431633,-9.437259,13,13
-6.6390715,8.647063,-5.738184,9.736868,-1.5185864,-0.5737545,-1.8296363,-0.2667637,-0.8836891,-0.5877844,-0.26568836,-4.9126377,-2.667441,3.2425685,-8.143513,-5.350772,-4.2629895,-6.1595154,3,1
-3.4910996,14.968171,0.33133328,7.4655566,-2.0819395,1.8991603,2.4550753,-1.4475402,-2.786363,-2.5687354,-0.36286652,-0.8407918,-0.9004704,-1.2740933,-2.448391,-6.5310106,1.1203916,-8.191523,1,1
-5.2240295,8.106735,0.25442913,13.237068,-5.3777947,-0.19289449,0.5842191,0.57174987,0.60397476,-2.3428874,-1.684896,-2.7412436,-3.717153,-0.8613607,-5.647701,-6.3297462,-2.9990435,-6.5059624,3,1
-3.5332348,16.275496,0.10054276,2.525999,1.6590447,1.7664112,-0.78144133,-3.7122488,-0.47875533,-4.369212,0.7523689,-1.6310574,-1.6132641,-0.61313117,2.4284465,-2.923598,-0.5360974,-6.9187355,1,1
-3.6747284,3.0070338,8.277415,-4.785025,-3.341255,-0.33284777,-4.0407124,-4.6858253,-4.8798337,-2.713575,-2.894547,0.38045743,-1.7519122,-3.9575343,12.77026,2.6519873,3.021236,-3.1802285,14,14
-3.3646204,3.8209245,6.2003913,-4.8716693,-0.7338919,-0.76682466,-5.073487,-4.5920963,-4.6591287,-2.2707915,-3.0367024,0.9166541,-1.7892061,-3.8101082,14.053718,3.3398814,1.8684108,-3.2669613,14,14
-2.7174451,3.5823958,4.729997,-4.570187,-1.8238904,-0.7132958,-5.6958566,-4.3508735,-4.7431436,-2.4464622,-2.6462095,1.4442782,-0.83504593,-3.7971368,14.446312,3.8332448,2.257233,-2.6718261,14,14
-2.490497,3.3087602,4.2464886,-4.8011913,-1.394531,-0.83019805,-6.077685,-3.968956,-4.913278,-2.1654491,-2.664008,1.8407683,-0.9335245,-4.0266905,14.612782,3.928677,2.1982632,-2.1777375,14,14
-2.6062217,3.739684,5.2046776,-4.389562,-1.534308,-0.9375432,-5.4074864,-4.201623,-4.9610524,-2.213672,-2.6082356,1.3339177,-0.96037996,-3.9242785,14.388882,3.6564531,2.283893,-2.6354752,14,14
-2.4492118,2.8874555,4.0824156,-5.0347424,-1.4167545,-0.88851666,-6.087387,-4.1688795,-4.7936063,-2.34729,-2.7613568,2.0737953,-0.63847554,-3.9612184,14.461501,3.9189017,2.45191,-2.1020129,14,14
-3.9677582,5.1903286,9.136458,-3.550062,-0.44762304,1.2876008,-2.2616677,-5.47109,-3.9572833,-2.6171312,-3.5396173,-0.94752944,-1.7862593,-3.3825881,9.959513,1.9585736,1.9321421,-4.839735,14,14
-2.9309866,3.3931606,4.998231,-5.14202,-1.5177755,-1.0583595,-5.9457736,-4.080249,-4.660132,-2.4668155,-2.922075,1.672792,-1.1075838,-4.059814,14.27982,3.4227083,2.349421,-2.4346673,14,14
-2.405045,3.4089313,4.2685623,-4.516013,-1.7146931,-0.5344036,-6.0156846,-4.0172167,-4.8762107,-2.3206034,-2.646119,1.8404726,-0.69581145,-3.8002365,14.453003,3.8543847,2.3091652,-2.2903783,14,14
-2.658989,3.4158785,4.351933,-4.8892107,-2.095257,-0.3334005,-5.4924455,-4.1009064,-4.5068173,-2.7018683,-3.1440299,1.8531084,-0.5335013,-3.824753,14.236994,3.5614417,2.371313,-2.3781087,14,14
-2.0081139,3.2150958,3.5085874,-5.033569,-0.89648646,-1.0303785,-6.7250175,-3.7811024,-4.5051827,-2.0176136,-2.568711,2.6986701,-1.1159383,-3.9581075,14.864233,4.0302596,2.1946912,-1.7878542,14,14
-2.5111425,3.3885012,4.9585853,-4.6820493,-1.3434207,-0.6728423,-5.339245,-4.1392584,-4.7712317,-2.334519,-2.7969942,1.8125876,-0.9084653,-4.1421733,14.224037,3.5602167,2.2852623,-2.3268814,14,14
-3.0439332,2.6046157,13.017731,0.3642837,6.5490975,-0.8539754,1.34457,-4.6108603,-4.757001,-0.4529881,-4.532079,-3.3404791,-6.259061,-2.6840203,7.0374417,3.839414,0.5537608,-8.03173,2,14
-3.814494,-1.3554429,10.835417,-0.07720533,9.572462,-1.7438174,0.617584,-5.0776887,-1.0896785,-0.5264484,-6.412699,-6.6033063,-6.9407616,0.7056091,1.7014608,2.4518073,-3.2975898,-7.8494053,2,2
-3.6022058,1.1230663,7.5651727,-1.3670044,14.110463,-5.3679514,3.803871,-5.956104,-0.5982335,0.33137274,-5.7606473,-4.64192,-4.730722,-0.780053,2.022116,2.7350423,-3.2688975,-9.0429735,4,2
-6.083913,-0.6520519,11.165188,1.7349473,1.2678959,1.405117,4.630941,-4.6343007,-0.56925863,-0.6286764,-8.608431,-7.041208,-6.172936,2.5807078,-0.84648263,-2.4482424,1.4688973,-9.202582,2,2
-9.3769,0.051659677,1.5568265,-0.13777307,8.31686,-2.6715257,0.54242027,-2.4870198,-2.33065,-2.574346,-7.1716595,-11.965962,-10.879644,8.334978,-5.356163,-1.5689857,-4.6889954,-11.005228,13,2
-10.151899,-0.35260496,1.1966991,-2.5546677,1.6636965,0.63706374,-0.4002217,-2.0396447,3.3275075,-5.0799837,-8.8145075,-9.653989,-9.4363575,7.897678,-6.144282,-4.200297,-5.3267503,-7.762274,13,13
-9.518661,-2.3719695,3.850301,-1.8910137,-4.416147,1.4972416,-0.05658658,-1.3043003,2.042552,-6.396323,-6.0072327,-11.774711,-9.159747,9.509758,-7.0211496,-4.8544965,-6.5655994,-5.9096465,13,13
-10.641901,-2.225993,-0.7673153,-0.14820409,-2.0380745,-1.6481669,-2.6777704,-2.2763047,0.5235384,-4.2226567,-7.2331276,-13.94873,-9.893515,10.510288,-7.119182,-1.5545723,-4.364767,-7.935032,13,13
-10.725342,-0.7609826,-0.37538427,-1.2105614,-1.5449483,0.009917453,-2.9156883,-1.8699429,-0.06951731,-5.950237,-8.34971,-11.712756,-10.433238,10.181599,-7.03275,-3.001032,-4.336733,-8.690341,13,13
-10.609001,-2.6063275,-0.5519494,-1.9507,-2.7340062,-1.9548205,-1.9349117,-1.2059222,0.3668457,-4.6524024,-7.4426394,-12.94371,-9.627128,10.202802,-7.682415,-2.1480198,-4.0883374,-7.741109,13,13
-6.444478,-3.9120727,-5.5290318,-2.2044454,-8.215042,-4.5376325,-4.762555,9.666018,-2.2396383,0.39818466,-1.854424,-6.457297,-7.89881,3.0849328,-6.799492,-3.3425019,-2.8441753,-1.9785903,7,7
-4.761456,-3.1388664,-2.449766,-3.8702238,-6.4654164,-4.5524435,-3.2889314,10.386527,-2.1207874,2.1249738,-2.9419885,-3.9886518,-7.8060274,1.5781454,-3.6234934,-2.8350332,-3.1373284,-3.4097965,7,7
-3.823859,-4.1839466,-3.390566,-4.442927,-6.864753,-6.488754,-2.4181395,10.943247,-2.2740295,0.1975136,-1.7639517,-3.7192786,-6.512502,-0.22996558,-2.5158615,-1.7776768,-3.262268,1.2517889,7,7
-4.273214,-5.8239946,-5.07972,-4.489747,-6.8897204,-6.638689,-3.9704292,9.852723,-1.7324908,2.2047834,-1.776108,-2.40817,-4.069487,-1.0592078,-4.669067,-2.9310093,-4.527031,3.481209,7,7
-6.549911,-4.1147075,-5.260575,-7.2527175,-3.1430697,-6.0384846,-4.2119946,4.1910815,10.49911,-5.383796,0.759288,-6.0783625,-3.8532257,-0.5534675,-5.880374,-1.4803822,-8.376042,8.175013,8,17
-6.3372808,-1.5174898,-5.5129533,-2.8441343,-3.7356818,-5.6277685,-0.1057582,1.6521226,11.153656,-4.8058057,4.3510346,-6.454113,-3.6135364,-0.9883952,-5.819495,-0.1930641,-6.4920716,4.3678665,8,8
-6.392457,-3.367014,-4.7130814,-7.440761,-0.37551337,-5.433033,-2.8434844,1.3335762,14.546666,-6.0783052,1.308693,-7.9660673,-5.046667,1.5785685,-6.3674006,-1.2527103,-6.3822536,1.8333701,8,8
-6.673408,-4.496553,-4.3918147,-7.6788254,0.24055287,-6.9277215,-0.6054621,0.81196636,13.359456,-5.701633,1.1609075,-8.582963,-6.2055736,0.6592088,-6.098723,0.4908207,-6.342058,0.19315343,8,8
-5.922203,-2.7715595,-3.660629,-5.603589,4.666688,-7.374834,0.61742145,-1.9513347,13.748086,-5.6006026,1.9486917,-9.1889715,-4.6119843,1.4632599,-6.31747,0.11596975,-5.6385136,-1.2082119,8,8
-6.0425997,7.126354,1.9298316,6.4305863,-0.9014763,-0.5533643,2.4142137,1.3392627,-0.5617781,-3.1233897,-3.7368238,-3.5694532,-8.289829,1.8403574,-4.4291067,-6.9142942,-2.9121032,-6.8598614,1,3
-6.0315223,5.471116,-1.7709097,12.549758,-3.288091,-2.6470263,-1.5658836,2.3832493,-0.80183744,-2.352639,1.8946105,-7.608063,-9.249837,2.4364948,-7.877025,-4.2652025,-4.9585547,-7.8368025,3,3
-6.3924556,2.2075882,1.3247991,12.092603,-1.8550594,-1.0787288,1.8687332,-2.2055886,3.0796883,0.82401747,-1.961099,-4.4327955,-4.6757274,0.26186994,-6.596829,-4.8946805,-5.2121053,-6.855326,3,3
-3.1420798,-1.3127574,1.0933733,5.78249,-2.314639,-4.4378514,6.51435,-2.6721306,1.7728282,-1.4994448,-0.8888537,-6.2664876,-1.3407363,-1.3327377,-4.5968704,-0.86512744,-1.2622418,-3.61246,6,3
-8.523556,-5.433776,-1.4297552,-2.3817713,-0.8967792,-8.209805,-2.2734334,-4.640649,1.5126675,-4.563503,-2.0169473,-13.016367,-8.446439,1.8750677,-3.8882194,9.866817,-4.2718253,-6.4746733,15,15
-6.48035,-5.4519835,-2.4329164,0.39989257,0.07847065,-6.7024918,-5.55493,-4.233064,-3.9360464,-1.3064599,-2.1914287,-7.951181,-5.0397577,-0.8879347,-0.3604311,10.65791,-3.081243,-2.5923932,15,15
-8.161161,-0.40979424,-1.9715649,-1.4717093,0.7742207,-3.6965868,-4.621446,-5.4265532,-2.7054923,-3.8501475,-1.831142,-6.6952734,-5.801565,0.49462447,-3.041252,7.70229,-1.4720824,-6.6508756,15,15
-8.499592,-4.2254825,-2.7986314,1.8051596,-0.31280768,-5.574787,-2.6042807,-2.7172117,-3.1903968,-4.35964,-3.2585564,-10.268382,-6.4532413,1.1533386,-3.717459,9.653143,-3.3226056,-5.651694,15,15
-8.193819,-2.5873258,3.0102417,1.5975499,1.7500787,-4.0715084,-2.8059368,-5.514291,-0.8253034,-3.4804816,-3.2715447,-10.5338745,-7.798436,2.247865,-2.8771985,7.2720127,-4.7779307,-6.934761,15,15
-6.963541,-2.9353495,1.0096058,-2.5934966,7.210163,-5.049974,-0.33934367,-3.6186855,1.363233,-4.1603374,-5.7741575,-10.217726,-8.275291,3.3562806,-2.0263958,5.4718833,-5.151605,-6.9526634,4,15
-4.951623,-3.6584954,8.062932,0.6735235,6.3387733,-6.19302,3.8805416,-7.183144,-0.22919422,-1.8538984,-1.5943366,-8.977914,-4.9055567,-1.5417103,1.7722809,7.1357803,-4.21461,-5.289109,2,15
-8.597617,-4.6960936,-3.6674242,-1.2882743,-2.926707,-6.9649186,-4.434221,-3.1982458,0.07972254,-5.7528086,-1.6469544,-8.57422,-5.257287,-0.5585141,-3.534234,9.663256,-4.026749,-3.873946,15,15
-7.5357313,-4.9909124,-4.065674,-0.98424256,-0.9684961,-6.3483467,-5.0569015,-3.5270777,-2.0206797,-3.250514,-1.3068753,-6.6952786,-3.9789982,-1.7831223,-1.9407089,10.627388,-2.355803,-2.1112468,15,15
-7.6786947,-5.254923,-1.800515,-0.14441183,-3.1233919,-5.6601963,-3.0944097,-4.145578,-3.7860434,-2.6528797,-2.2628229,-8.044738,-4.160584,-1.1800576,-2.11544,10.320269,-0.23815207,-4.1394067,15,15
-7.6847687,-5.303764,-1.9636241,-0.61502147,-1.4408123,-7.675141,-5.335042,-3.0870926,-2.3203993,-1.7473446,-2.7893343,-9.070113,-6.5409117,-0.4893681,-0.891993,9.681744,-3.4835782,-2.4641557,15,15
-3.9453912,-3.7496657,-2.9602246,0.6901009,-1.8638129,-8.0783,-2.1906195,5.2627645,-3.6247382,11.311049,-2.252804,-6.7565885,-7.7167,1.2945522,-3.0826957,-0.98994404,-3.1904354,-3.5791724,9,9
-2.8628473,-3.3775845,-3.178745,-3.3835065,-6.6043186,-5.0708013,-3.6444626,11.667786,-3.9247935,2.6185298,-2.1799555,-1.1318479,-5.0222363,0.6985079,-2.7183764,-2.7112305,-2.7623081,-1.3921843,7,9
-3.3630126,-5.1353865,-1.4900147,0.56139994,-4.256455,-6.6198897,-2.236509,3.7185116,-4.439577,14.130853,-2.367719,-3.7556605,-3.4560063,1.1076591,-0.49565998,-2.5578134,-3.432378,1.2521005,9,9
-3.4695306,-5.655682,-2.8170967,0.22851603,-4.859926,-8.973262,-3.3698597,4.4430466,-3.5426457,12.617693,-1.4215724,-1.9044917,-1.2708032,-0.7932526,-1.226195,-2.9453733,-3.4497457,3.7715948,9,9
-4.378445,-6.020886,-4.4947114,-3.7869368,-7.799231,-6.1640143,-6.4737487,4.9693594,1.6626271,2.3041625,3.303208,-2.3489254,0.04396327,-3.6591918,-2.9636905,-1.2555013,-6.374705,14.612691,17,17
-3.7388628,-6.1751714,-5.0484586,-4.831617,-5.97948,-6.124069,-5.705936,4.447404,2.858714,3.140386,1.808211,-0.58182216,0.19775067,-3.4570744,-2.7112393,-1.7832434,-5.6719637,16.19606,17,17
-3.8183534,-1.0001601,-5.079005,-2.1261942,-2.5459356,-3.2247722,-0.09978342,0.41406825,5.669219,-3.2896695,4.919954,0.5944432,1.8757027,-3.2567065,-4.917639,0.16879472,-4.3073373,5.349331,8,10
-5.3881903,-1.9365997,-6.15003,-1.5644907,-3.1035304,-7.5172896,-1.7938007,0.91700125,12.469853,-4.981183,7.1777587,-9.033966,-4.9245286,1.890605,-7.1090007,-0.97210616,-6.518212,-0.117541686,8,10
-3.069948,-0.18915144,-7.8591003,5.2798767,-6.503815,-9.109064,-1.9692767,1.513794,8.088047,-3.947885,11.775889,-8.698275,-5.270205,1.028538,-8.158747,-0.2854031,-6.414457,-1.3590542,10,10
-7.657523,-1.3706703,-3.2433448,1.9519457,-2.0059683,-5.5350795,-3.2390046,-4.4133863,-4.066096,-5.713484,3.1521673,-10.090958,-6.480885,1.8264011,-4.000616,8.473996,-4.602514,-5.2779613,15,10
-4.384903,6.850065,0.7210369,3.5630472,-2.7130497,-0.8873288,-7.2912583,-2.0649972,-4.802751,-2.232224,2.6619658,-5.104323,-6.690506,0.1771407,0.9397906,4.563013,-1.8082094,-5.187318,1,15
-7.3247094,-1.8251905,8.2767725,3.0593243,3.6160164,-4.82644,2.751341,-5.302252,-3.9359844,-2.5924125,-3.284083,-8.888161,-7.298242,-1.1411325,-0.24470755,6.1932197,-2.1161218,-7.982969,2,15
-7.1071887,-4.6070113,-4.0710363,0.3703249,-0.72241604,-6.820213,-5.0513554,-4.1522284,-3.0444899,-2.6033936,-1.9724821,-7.9209704,-5.1888824,-0.71975946,-2.1105416,10.4918,-2.7297835,-3.4834034,15,15
-7.391662,-3.857301,2.0935833,-0.31131145,-0.30826372,-3.6723855,-3.840646,-4.670927,-1.531152,-4.156067,-4.904131,-9.806109,-6.2921367,2.5613132,-1.1365076,6.8102546,-4.285656,-4.4214625,15,15
-7.8630815,-6.040791,-4.4127693,1.3307118,-1.775013,-7.381917,-4.5460954,-3.3791997,-2.5369911,-1.9745047,-1.6069807,-8.26866,-4.622226,0.17736384,-3.9816954,9.448679,-3.2666333,-2.6253257,15,15
-8.132618,-2.1152933,-2.8180585,0.48203668,1.1757567,-6.291196,-3.0143402,-4.756292,-1.5212737,-3.164649,-1.700351,-11.191539,-7.275364,1.4033183,-3.5393844,8.975407,-4.2636886,-7.661045,15,15
-7.3220873,-4.907135,-2.8645692,0.88432425,0.11294952,-6.2393646,-4.9277015,-3.521833,-3.46175,-2.3509834,-2.8067698,-7.8022394,-5.030529,-0.5393038,-2.5755734,10.972968,-1.9122858,-4.706572,15,15
-7.009903,-5.006631,-2.9981563,3.7637799,-0.37839887,-5.9084764,-4.3304296,-3.6163094,-4.2392945,-2.5212321,-2.6147065,-7.5349507,-5.165552,-0.0067688413,-3.6873908,9.9353285,-2.6278305,-5.3290925,15,15
-7.438072,-4.3769484,-0.85290146,0.6202187,0.32493597,-7.452995,-2.9929123,-5.205929,-1.9203826,-2.677243,-2.1308455,-10.545343,-5.737301,-0.45097342,-2.0713918,11.469567,-3.4623346,-5.3061304,15,15
-6.3046913,-0.33999366,1.5512713,1.9431282,9.643836,-8.029017,-2.8962388,-3.9836268,-2.1208975,1.4322265,-2.794171,-10.688976,-10.686648,0.777223,-0.36800483,7.8232946,-5.7514143,-7.492892,4,15
-5.356377,5.3262777,1.1575545,6.341902,6.937273,-3.4180884,-2.0020237,-0.90969586,-3.213517,0.21978064,-3.9163232,-8.714886,-11.208247,5.607522,-2.6533346,-1.2305806,-5.991204,-10.408136,4,15
-5.530264,3.7527544,3.3820064,4.3077397,10.247903,-6.3655562,1.1658816,-4.7024875,-0.40335682,1.5098301,-3.3348134,-7.4493327,-6.5373735,-1.4481623,-1.0502139,2.8127017,-6.3491983,-10.550906,4,4
-4.2397656,0.6388757,6.146425,1.6203141,5.8171954,-0.40884578,4.251184,-1.9179523,1.6219602,-0.8601113,-5.3401575,-5.056332,-6.5064173,0.6456317,-2.8262184,-3.1882317,-0.13585941,-7.253096,2,4
-4.622041,-1.6622349,7.541806,1.3916256,8.312286,-6.2083807,-0.21860082,-5.5458117,-0.4913902,0.25370443,-2.577077,-8.595446,-7.5821857,0.23073022,0.5925064,6.668571,-6.3577867,-6.880045,4,4
-7.011978,-3.0523217,-1.4094303,-1.544086,-0.36866847,-6.090162,0.07757041,-1.0507753,7.579856,-2.7032907,-2.0426922,-7.592893,-7.141008,4.518794,-6.333126,-1.101337,-5.5025935,-3.684564,8,4
-9.449295,-2.9062736,-1.7995442,-0.7636464,-1.0662073,-2.1002192,1.0784467,-0.23715067,2.3494484,-6.4233336,-6.630974,-10.92012,-8.342641,8.825687,-8.145582,-2.8553467,-4.5433564,-5.72225,13,13
-10.136228,-3.287252,-0.14454219,-1.9737448,-0.99619704,-0.81325155,-1.8184946,0.09123495,0.830625,-5.0771914,-7.8894715,-9.216183,-10.004337,8.760133,-5.887576,-3.931822,-2.932732,-6.934929,13,7
-6.3479047,-6.047705,-4.050109,0.73023796,-6.6864295,-1.5136105,0.5638917,6.966274,-2.846931,-5.1118455,-5.658739,7.2125072,-2.509853,-3.594628,-4.9986544,-4.1982374,-0.9701187,1.1469157,11,7
-5.878366,-5.0585957,-5.161002,1.8298323,-6.316511,-3.4340272,-1.9294077,8.6016445,0.98991853,-5.028564,-2.1260767,-1.6078814,-6.393598,-0.4092464,-7.133084,-3.819091,-4.073344,-0.15921615,7,7
-7.468952,-5.4466553,-2.6596746,1.2465641,-6.427965,-4.4552574,-0.95046824,7.645235,-2.0691833,-3.4583051,-4.0069776,2.8041668,-5.291696,-3.0971072,-6.1324987,-4.83992,-1.950181,0.30483362,7,7
-7.7399087,-4.371776,-2.9520779,-0.8788449,-7.5839605,-4.371906,0.21650852,6.189743,4.607752,-4.504157,-4.0996594,-2.3947103,-6.2914104,-0.14787254,-7.8204613,-5.8700056,-5.338239,1.8184996,7,17
-7.1846924,-1.8553078,-3.9474847,-4.3404036,-5.62726,-3.0342293,3.1567678,-0.74958235,7.767026,-4.252815,-3.4398499,-6.207987,4.0575047,-0.6898168,-8.102098,-5.280885,-3.556358,1.6706082,8,8
-7.783714,-1.6459992,-5.773212,-0.07188958,-5.827273,-4.4973702,1.4802545,1.1029798,11.647649,-3.495169,-3.5565932,-6.8373995,0.12945516,-1.5741972,-10.539835,-5.122606,-7.5684295,0.8911741,8,8
-6.263847,0.23901579,-4.9965677,3.3726182,-3.1071477,-3.5394142,1.0576036,0.17566228,10.491127,-0.5774277,-1.1089305,-5.9297867,-2.6743565,-0.08932449,-9.007979,-4.660652,-8.586876,0.3406227,8,8
-7.5127754,-2.997692,-0.106422864,-2.3689392,1.8694079,-1.7592734,0.8114517,-1.495558,5.204326,-5.1551423,-4.8222866,-8.998405,-7.061002,5.336821,-5.9829454,-1.2650409,-6.2306676,-6.259211,13,8
-10.035575,-2.6473153,-0.96398103,-1.2540812,0.23944467,-2.6948626,-2.355011,-1.3491832,2.1646163,-4.1478786,-6.138977,-13.598527,-10.393187,10.881521,-8.239915,-2.9190235,-5.2237325,-7.775668,13,13
-10.4003315,-1.2504092,0.7772172,2.4869096,-4.4748836,-1.1578416,-1.9679955,-2.0291023,0.6795599,-6.024284,-5.48886,-12.295371,-9.290784,10.470363,-8.681241,-2.6299198,-4.900576,-9.600313,13,13
-9.9784775,-4.064578,0.7789882,0.5443086,-3.1265075,-3.232752,1.5142525,-1.0034256,2.7293851,-5.287494,-6.479217,-11.042121,-9.933512,8.863434,-7.845636,-3.464276,-3.6349387,-6.4183807,13,13
-9.670671,-3.2832496,-0.15142247,-1.3871009,0.861473,-1.0259255,0.51103526,-2.9961653,4.7329497,-5.6407967,-4.7302337,-11.719027,-8.160702,9.283188,-9.187669,-2.4110014,-6.413623,-7.104395,13,13
-10.380543,-3.7334135,1.0569744,-2.0890052,-1.6180925,-1.8469115,0.102659315,-1.3669645,1.345339,-4.9120226,-6.821072,-12.427259,-10.690887,9.931013,-8.258663,-3.2920928,-5.573403,-9.010022,13,13
-10.041999,0.7772066,-1.4929494,-1.274945,-2.20685,1.6976314,-2.3028216,-0.20744398,0.44938838,-5.7631884,-8.352952,-10.160789,-9.226719,9.968563,-7.877795,-3.927426,-3.9984412,-8.197431,13,13
-6.412055,-0.7823537,0.6871635,-2.868934,6.332193,-4.1507893,4.0267835,-3.007905,-1.1740834,-1.2504508,-8.0007515,-8.461598,-5.964204,5.5067434,-3.412257,-3.3506124,-0.15413646,-9.641584,4,13
-8.950682,-3.3359737,-3.1557574,0.085449725,-5.0183916,-3.7840335,-1.6066111,1.9004769,7.9935384,-4.4314384,-3.1968963,-7.2012725,-7.6317587,5.0408497,-8.882692,-4.978011,-6.037255,-4.0710163,8,13
-9.180919,-4.0592637,-0.18095338,-0.681067,0.47172493,-3.2132094,1.4975506,-3.3618195,5.950958,-4.455736,-4.0878005,-9.636282,-6.17969,6.665944,-9.175065,-2.7064078,-4.13434,-6.851249,13,13
-9.183591,-2.121333,4.8797703,0.08549169,-0.46426612,-0.3545456,3.7102206,-2.660801,0.51534885,-4.85971,-6.7160087,-11.041593,-9.294309,8.783086,-7.4100685,-4.1299796,-2.6493282,-8.554475,13,13
-9.085664,-3.755824,0.6492681,-0.25141805,-0.4849882,-3.2338502,2.306727,-2.0881708,0.41073796,-5.36485,-6.303401,-12.007726,-7.8563247,9.34209,-7.9371514,-1.9480307,-3.878137,-8.026515,13,13
-10.665603,-4.420771,-0.23679501,-0.843218,-4.8740478,-0.670997,-0.9203051,-1.5227299,-0.3192114,-4.4948483,-7.9905195,-11.428097,-9.678796,9.695906,-8.901313,-2.570241,-4.372989,-9.103575,13,13
-10.878174,-3.356689,-1.5729516,0.3851843,-3.2845132,-2.0881507,-0.20001891,-2.0494156,2.619174,-6.8669376,-6.7554107,-13.2151985,-8.95712,10.687325,-8.697859,-2.1641467,-4.798928,-6.7814813,13,13
-10.474875,-0.7260566,1.3563398,-2.0631154,1.8488724,-0.3457427,-1.5861661,-2.1900144,1.7498102,-5.6274996,-7.9999757,-12.462005,-11.104822,9.683417,-6.8851337,-3.0997052,-6.126764,-8.919946,13,13
-9.428909,-2.38144,0.4461709,-1.6741579,-0.04453963,-2.499033,-0.72469044,-3.383124,2.8894665,-5.6431684,-6.288857,-13.173317,-9.02218,9.354407,-5.9413815,0.32800955,-5.857458,-5.8741045,13,13
-7.565893,5.942877,-2.447059,8.724221,-0.48210388,-4.2359123,-1.7196971,-0.016206682,-1.6469953,-1.2674502,-0.9892908,-10.983218,-10.37529,6.423803,-7.671785,-4.0690746,-7.3326797,-8.11079,3,1
-7.3724303,10.079754,0.4338699,4.751727,0.93576545,1.6777163,2.3469617,-2.0634909,-1.246362,-2.7293208,-3.8851683,-7.556203,-8.195185,6.2082634,-5.406385,-5.066528,-3.6216743,-8.657929,1,1
-0.71981966,16.533808,4.7012463,7.415198,4.0606456,1.8679959,-1.1299778,-2.5859988,-1.7333692,0.8516159,-2.1952572,-2.461255,-4.201495,-0.7489779,1.9639958,-4.1357436,-0.82251984,-10.30746,1,1
-1.8688879,14.267751,-2.1963427,3.849067,-1.0329984,-0.7359183,-1.2534201,-1.0086358,1.2495586,-2.6375153,3.6292896,-2.4986825,-2.935757,-1.8021363,0.4993785,-1.3385847,0.43709907,-5.7252707,1,1
-2.9842978,7.9475675,3.360721,-2.8062,-3.0941975,2.9488914,-4.9341917,-1.6264048,-6.510527,-4.4809074,-3.0624022,2.3386917,-1.7208624,-1.7810245,10.367532,0.79471797,2.6392388,-4.479751,14,14
-2.6410673,3.0728278,4.4324207,-4.7637086,-1.6729026,-0.7095993,-5.7401223,-4.2091074,-4.6203046,-2.4941986,-2.9761732,1.9393266,-0.67695564,-3.9964495,14.554548,3.8016253,2.3007045,-2.2389941,14,14
-2.326031,3.3780732,4.5577865,-4.6314535,-1.8059683,-0.3591136,-5.5475335,-4.161866,-4.6108136,-2.4605808,-2.8493605,1.7272214,-0.76796776,-3.8086452,14.55145,3.5969374,2.341909,-2.4973543,14,14
-2.4349558,3.2242317,4.127464,-5.006055,-1.61485,-0.90880567,-5.8980937,-4.0056314,-4.5470967,-2.3700018,-2.625727,1.972325,-0.8974654,-4.141174,14.573944,3.7959614,2.1761568,-1.9599085,14,14
-2.313226,3.460052,4.1444807,-4.790027,-1.5339468,-0.7397932,-6.1239915,-3.972495,-4.6860576,-2.220751,-2.606278,2.0922873,-0.8506778,-3.9312496,14.535693,3.7796881,2.2427638,-2.1746616,14,14
-2.6097667,3.0456004,4.480749,-5.099014,-1.3674941,-1.0041045,-5.8582854,-4.037495,-4.550095,-2.391186,-2.7360132,1.8899746,-1.0629444,-4.1941833,14.573999,3.7894585,2.2502487,-2.1625292,14,14
-2.7512205,3.1758718,4.7955866,-4.9006705,-1.63251,-0.6828595,-5.4053955,-4.2196026,-4.590757,-2.5506163,-3.0225403,1.6467124,-0.86258644,-4.1544724,14.3593855,3.7763863,2.3238955,-2.4785454,14,14
-3.1911776,7.87927,4.9144487,-3.8484206,0.88651156,-0.06247966,-3.931701,-4.902528,-3.5918665,-2.2279453,-2.7424784,0.96499753,-1.4726292,-2.9800377,11.575892,1.455616,1.6925181,-4.5786667,14,14
-2.5272613,3.3386793,4.5810637,-4.6741323,-1.7396195,-0.6479225,-5.842268,-4.044798,-4.611632,-2.371393,-2.887882,1.8549434,-0.73574096,-3.8819957,14.516144,3.5628161,2.274486,-2.299011,14,14
-2.2314034,3.1548173,4.7325397,-4.934664,-1.106463,-1.2919149,-5.978482,-4.028692,-4.312741,-1.8872498,-2.7377577,2.0786426,-1.1559904,-3.929662,14.497667,3.615198,2.1826353,-2.0727699,14,14
-2.2097921,3.3827307,4.278862,-4.824426,-0.95207316,-1.3336653,-6.1184607,-3.8207145,-4.7199097,-1.9478487,-2.3044891,1.787286,-1.1007249,-4.330932,14.596762,4.040866,2.1031103,-1.9407449,14,14
-2.6721692,3.6705527,4.6040783,-4.6651263,-1.7641258,-0.6671614,-5.617307,-4.112278,-4.8918395,-2.6898847,-2.6086042,1.6222976,-0.83661026,-3.855238,14.043712,3.4248798,2.4651706,-2.4637892,14,14
-2.3732255,3.6025221,3.7855425,-4.860926,-1.4871247,-0.9731345,-6.2387156,-3.880156,-4.9902844,-2.1577013,-2.4018624,2.1570144,-0.92085093,-4.0965924,14.465753,3.68632,2.1921008,-1.8449149,14,14
-2.644189,3.1951125,4.439043,-4.7427764,-2.1822534,-0.3540782,-5.2897487,-4.20428,-4.633064,-2.7043538,-3.0992463,1.767148,-0.39235803,-4.0665636,14.361657,3.7589061,2.3828442,-2.3333113,14,14
-2.488917,3.4007246,4.0770802,-4.8037295,-1.5148647,-0.8459095,-5.7685738,-4.2021594,-4.7290177,-2.5113287,-2.6704705,1.9840666,-0.82338643,-4.0139656,14.469616,3.8692734,2.3694572,-2.283777,14,14
-2.2115304,3.062418,5.038639,-4.689896,-1.0207958,-0.6852376,-5.291278,-4.222342,-4.645718,-1.8284287,-2.8959887,2.0929506,-0.68672144,-4.246957,14.392578,3.669735,2.3388958,-2.1748512,14,14
-2.7280893,7.6453776,7.905452,-0.583498,0.9788633,1.010507,0.0622257,-4.183498,-3.099513,-1.4476112,-3.2335587,-1.033038,-3.1447208,-4.169021,5.618197,0.26540452,1.8342526,-4.8782387,2,14
-3.262293,3.802894,12.401337,-0.5206712,3.3956375,-0.6007607,5.448529,-3.8894258,-3.1474867,-0.029824317,-3.6555917,-4.440854,-3.5620918,-3.34929,2.5282333,0.31647497,0.7728383,-7.1923747,2,2
-5.382069,1.2646614,14.542952,0.3715827,5.0574207,0.10109632,1.9650396,-5.5735455,-3.429578,-1.0167396,-6.274861,-6.8235507,-6.660827,0.39715075,2.9046881,1.6703396,-0.96797234,-11.216163,2,2
-5.167261,-0.4132822,14.88847,0.1685426,2.6850882,-1.0827105,3.7804258,-3.6363842,-2.9740808,-0.6549796,-6.1322904,-7.2106514,-6.88268,-1.7573506,2.3622038,1.7508497,-1.103457,-8.844992,2,2
-7.1024885,-0.9087772,10.8653965,0.6815709,2.2235866,0.5858994,0.57174134,-3.3319626,-2.6334443,-2.457849,-8.365227,-7.5350747,-8.419523,2.9658897,-0.506452,-0.0006495118,-1.7696776,-8.837169,2,2
-9.956909,0.3029406,0.82425797,-0.48331407,0.65335596,-1.4173028,-3.3189003,-2.6424966,1.254085,-4.7478757,-6.4671063,-12.274184,-10.874567,10.591995,-6.751254,-2.7608926,-4.8939004,-9.355247,13,13
-9.034644,-5.414281,2.5683966,-1.4690232,1.8744698,-4.3441863,-0.7775455,-4.481929,2.5320249,-2.5498164,-7.3350434,-10.688562,-8.023929,5.466871,-5.306086,2.0900314,-4.5807786,-6.471922,13,13
-10.810048,-5.5621634,0.004647225,-0.7913108,-3.1962788,-4.257597,1.0810262,-3.3905303,-0.14248139,-4.145651,-6.945126,-13.782538,-8.197499,9.505046,-9.583702,-0.5817172,-3.2871704,-10.450328,13,13
-9.289532,-2.6328475,-1.61423,1.4530455,-2.940899,-2.25471,-3.3665612,-2.125951,-1.4127662,-5.389171,-4.7402887,-12.955706,-8.014783,8.411321,-6.81386,2.145634,-4.8006854,-6.537306,13,13
-11.005489,-1.4049175,-1.1325318,0.049037293,-3.564678,-0.03719803,-1.9773091,-1.5024112,-1.7913393,-7.275612,-7.5678105,-10.531761,-8.615621,9.289146,-7.04449,-2.0796802,-1.5292643,-9.002346,13,13
-10.784285,-0.45202333,0.72683764,-1.1711738,-4.9836893,1.4271289,-0.81812316,-1.5543351,-0.28231528,-6.255919,-7.2090054,-11.567707,-9.055843,9.421567,-7.6860847,-4.223043,-3.0024054,-8.083452,13,13
-9.284064,-5.496399,2.3546836,-0.18158814,-1.210042,-2.8896937,1.2925031,-3.2789178,-0.47324535,-3.4870086,-8.312627,-8.266576,-6.345787,4.726472,-5.1311917,1.244165,-1.6289237,-6.7177725,13,13
-11.36505,-2.5543616,-2.7374308,-0.9405917,-2.9577475,-0.6880962,-3.0675683,-1.1161261,-0.43600312,-6.136015,-8.169135,-10.782543,-9.764395,9.782914,-8.624885,-2.6236153,-3.5912752,-7.8020544,13,13
-9.196267,-3.571129,-2.1934292,-1.9807833,-2.0372674,-2.9259531,-2.1525915,-0.78280026,0.45047367,-3.99042,-6.0695233,-10.850139,-8.012499,9.24269,-7.5416346,-1.4824047,-3.705655,-7.434596,13,13
-11.326869,-3.0584333,-3.025092,0.34098753,-4.318567,-3.0741923,-2.24954,-1.6254592,-1.9372493,-7.3889217,-6.503123,-12.412589,-10.011004,9.712544,-7.809419,-1.1132247,-2.9590015,-7.4718256,13,13
-11.339965,-4.1401377,-2.0967822,0.60008574,-4.7305307,-3.5346265,-2.735377,-2.7033424,-0.7753006,-4.037081,-6.792602,-13.306094,-10.271781,11.536867,-9.039624,-0.8827974,-2.786902,-9.724917,13,13
-10.060689,-3.814358,-0.81878185,-0.78173995,1.1362576,-5.126377,0.45213145,-3.3462777,2.6376326,-4.090065,-6.0897746,-12.482742,-9.253177,6.680031,-6.868894,1.5967298,-5.279753,-6.462243,13,13
-10.605003,-2.7140925,-0.4477665,-0.59786403,-0.94818485,-1.76589,-3.0856967,-3.919108,1.2089088,-5.3960075,-6.9253316,-12.031268,-8.822214,8.809634,-7.457296,0.28371388,-3.9314137,-7.6138544,13,13
-8.616669,-0.9785886,1.7712485,-3.7772074,0.6379742,-1.2309531,-1.5174373,-1.8688288,2.7522879,-4.366732,-5.8993044,-10.963981,-8.147156,8.938736,-5.9021688,-3.2792668,-4.633021,-8.076512,13,13
-11.092649,-1.745659,-1.077719,-1.1779684,-2.2904632,-0.49742472,-3.5182824,-2.377753,-0.9390387,-5.916044,-8.158746,-12.3245535,-9.844808,10.788455,-6.9664593,-2.010648,-2.6463554,-9.476204,13,13
-8.944804,-2.2068083,-0.61680496,-0.015227053,-3.4885097,-1.2845803,-2.373155,-0.9849049,1.432403,-4.3990555,-6.071912,-11.169273,-8.329219,9.593975,-7.0785394,-3.159588,-4.2458167,-6.027956,13,13
-5.768534,-2.2735164,-5.6424646,-0.99557877,-7.6483936,-2.3300357,-3.2851152,8.738279,-3.5789115,-1.945746,-1.4385705,-4.992413,-6.0237746,2.132139,-5.838026,-2.1588035,-1.1041918,-2.8358948,7,7
-4.212822,-3.864172,-4.7570815,-3.1016104,-8.022137,-6.2244635,-3.5446863,12.001557,-2.5397978,0.72677976,-2.3951643,-1.7379544,-7.0677867,1.2636111,-3.932866,-2.8646803,-4.192901,-0.73976016,7,7
-4.27734,-4.3587184,-3.0607913,-0.96267927,-7.761395,-4.7466283,-4.1339984,8.858325,-4.311619,4.792899,-1.2464997,-1.9499836,-4.387266,0.6729478,-2.9931881,-1.3378644,-3.7387733,-2.3771274,7,7
-4.02508,-4.8343587,-5.792295,-3.097097,-7.4660087,-6.006587,-2.7243426,10.888456,-2.413277,-0.00077940524,-1.8715323,-1.0462512,-4.13569,-1.0382091,-4.413513,-2.4301848,-4.170415,1.6695981,7,7
-4.3439407,-3.031936,-5.197287,-3.313554,-6.0334296,-5.438283,-4.3592687,7.5745687,3.2368305,-1.0291176,1.3608676,-1.8139203,-4.050373,-2.4055426,-3.5841143,-1.7006631,-6.576201,6.053165,7,8
-5.742233,-3.6727746,-6.314009,-6.0614886,-2.3857095,-5.7073326,-1.3289398,0.13840966,12.2715225,-5.451333,3.1344395,-7.5095677,-3.2833774,0.80873585,-6.938368,0.82627153,-4.682837,3.3569787,8,8
-6.3593616,-2.680775,-6.517295,-3.4683695,-4.154916,-7.150542,-0.84552884,1.0273983,14.549934,-5.2272944,4.55847,-8.06915,-4.608717,1.9760481,-7.8659134,-1.4548988,-6.1180515,1.6819508,8,8
-8.016546,-3.373351,-0.34200433,-5.4843483,6.0424223,-6.189017,3.951939,-1.9396038,5.48105,-3.1638165,-6.460953,-10.611036,-8.120923,3.1601453,-4.9534144,1.0414883,-4.9568954,-6.795373,4,8
-9.83864,-2.953811,-1.6429178,-0.8687022,0.1648868,-3.221591,-3.680782,-1.7810842,1.1087941,-3.614246,-6.2443476,-12.430781,-9.934878,9.96151,-7.1908026,-0.9796427,-4.8758926,-7.0717316,13,13
-8.883284,6.158155,-1.2586886,0.81755155,0.9752732,0.9835959,-2.0944333,-2.4704647,0.15101293,-4.927129,-5.278802,-8.732787,-9.900301,8.0065,-5.6114326,-2.585191,-3.7353978,-9.872648,13,5
-6.5165186,11.757052,-2.88648,7.796638,-1.0870731,0.34443998,0.57127583,-0.5730819,1.9963927,-2.768326,-1.3604653,-6.40971,-6.126817,2.5266418,-6.9750566,-6.1786456,-5.623867,-7.208727,1,5
-6.5250034,9.448206,0.41377014,6.967558,-3.4381337,2.9322872,4.896404,-0.5731228,2.85128,-4.725276,-3.9106593,-3.0997045,-3.1250284,-0.033961292,-7.1919827,-5.862076,-4.133909,-6.1507587,1,5
-3.5528984,0.8768226,-5.0816994,0.2952746,-6.8365674,3.2036855,3.118957,0.6181867,0.48897058,-3.4723394,-5.136085,4.6392565,10.165078,-4.8124957,-4.4941626,-4.974604,2.255317,-0.021204334,12,5
-5.339843,3.872454,3.436198,4.2954626,-2.530748,2.4423852,9.219189,-4.3211417,-2.842616,-4.3897123,-3.7271757,-1.2299496,1.0012908,-2.3555403,-4.4732904,-3.501062,3.691963,-7.3144555,6,16
-2.5030162,3.3872437,-0.7744569,4.091593,-6.612917,5.4900355,1.6785407,1.8242104,-5.1239285,-3.563023,-3.2434964,5.6611724,3.7268052,-1.6309618,-1.2970914,-4.672576,5.68253,-2.7647696,16,16
-2.7756631,1.42824,-1.5307039,0.7989353,-3.383666,2.2923598,7.863608,-5.130972,-2.1432128,-3.0350783,-1.4611837,1.5622917,8.984098,-3.44626,-1.8577297,-1.9153206,5.642857,-2.4433603,12,16
-5.2282157,-1.2331836,-1.574831,-1.6948054,-5.399421,0.59527105,0.8170065,-3.379847,-5.7405367,-0.22392653,-3.8138728,0.3523587,2.3837323,-1.9036151,-0.72604537,-0.92765206,11.464671,-5.1859207,16,16
-5.0859528,-0.76269674,-3.1747231,0.8894412,-7.3677607,3.6433709,0.080620095,-0.11124514,-6.776214,-2.7973769,-3.128368,0.02379141,0.75147456,0.6543805,-4.521786,-2.2585192,10.252848,-5.7607512,16,16
-5.67788,0.97766614,3.1454825,-1.1072063,-4.5446944,11.301002,2.6062145,-3.2250981,-4.809636,-4.431646,-7.2893767,0.7730113,2.989179,-1.457811,-1.9689885,-4.6632676,6.241874,-4.0612545,5,16
-6.442954,0.3225714,-0.7437403,-1.6461122,-8.57818,10.583134,-1.245876,-0.29187584,-3.103561,-6.5564218,-6.1658664,0.89240634,1.158137,1.5449659,-3.2898617,-4.285055,6.1823215,-3.8220985,5,16
-6.593182,2.468551,-3.8866231,-0.6609757,-3.1587067,2.7921288,3.515466,-1.5315503,2.8607466,-3.2602217,-6.8629446,-4.2420793,-0.3143855,1.1547267,-5.8715725,-3.2463624,-0.48225337,-3.8429186,6,16
-5.718519,2.5450048,5.9738336,-1.2843696,-1.1242414,4.8833394,-0.5349834,-4.1402383,-4.3041124,-3.193856,-7.5402184,-3.4247015,-4.001707,2.8064864,0.27167103,-2.393172,3.8113701,-7.6092877,2,16
-4.3566594,-0.68017024,0.42209488,-1.6997033,-4.333686,2.9125137,0.75390804,-0.17929,-5.682346,-2.6616879,-4.3628945,2.4067557,0.49704117,-1.9846727,-1.3469251,-2.695588,8.897603,-3.7425888,16,11
-5.530195,-4.3782873,-5.0309987,-0.6202563,-5.485895,-1.6603731,-0.11802247,5.2532163,-1.6926273,-5.5327253,-6.1468654,10.603553,0.24696137,-4.2683206,-3.1597676,-4.014651,0.519221,2.3488781,11,11
-5.03733,-3.9426548,-4.1386557,-1.1598716,-6.188168,0.3143403,-1.3185221,5.068793,-4.2870007,-4.610905,-5.3847027,11.954123,1.3846434,-4.616051,-1.4916936,-3.6724641,2.8239918,1.5583396,11,11
-5.534941,-3.5940711,-4.856682,-1.0504994,-6.96148,0.6209585,-1.6083573,5.9620094,-4.0550857,-5.660455,-7.114403,12.910502,1.6189926,-4.715967,-1.781769,-4.913211,2.3719285,1.6269822,11,11
-5.080253,-4.2936826,-2.6871681,-3.435926,-5.7606936,0.6088233,-1.3183444,1.4142362,-1.0390604,-4.2519584,-5.4995456,7.1308084,3.9505959,-3.7544556,-1.202471,-3.324861,1.4991525,5.010746,11,17
-5.7130547,-6.247512,-4.1466036,-1.0312555,-7.186825,-0.1751577,-2.4951499,5.739058,-3.0889266,-3.5697443,-5.6000595,6.788656,-0.8053812,-3.74911,-2.9766471,-3.346843,-1.5857848,4.2560377,11,17
-5.3690653,-5.285876,-4.87644,-1.982426,-6.579322,-0.32424206,-2.9877324,3.456527,-0.51163495,-4.0585384,-3.8669944,4.083445,1.3661278,-2.1276684,-3.464876,-3.4706066,-2.593619,7.044571,17,17
-4.4677224,0.86059767,-5.028726,-4.04756,-6.9824524,2.7651322,0.52390975,-1.6229023,3.9146204,-3.3336227,-5.3429046,2.6143756,12.578493,-5.3701596,-3.9449399,-5.7521877,0.3214094,1.8691239,12,12
-4.7622523,-0.39590243,-5.6703024,-1.9274844,-6.407217,3.0092802,-0.3392619,-1.5435668,5.191505,-3.9636164,-5.2470107,1.4133333,10.968907,-2.8398848,-5.9225817,-4.1796007,-2.0265455,2.666458,12,12
-6.0548496,2.6742506,1.9803818,-2.0004954,-5.4726477,11.476253,3.2647634,-3.3505893,-0.96014017,-5.5208826,-7.16058,1.3546258,6.4397397,-2.77809,-3.080613,-5.2593555,3.0187268,-3.376921,5,12
-4.2952566,-2.1467936,-2.4378715,-2.6515791,-4.6199,4.4297733,5.4732027,-4.5097218,-0.2975964,-2.6378293,-5.1023216,2.3838089,10.6817665,-4.5803137,-2.0059774,-2.6893063,6.0436215,-0.9722527,12,12
-6.026665,-2.3168535,-1.6193011,-1.4927652,-4.8457994,0.40853524,1.2406644,-2.7426515,-6.300346,-3.1171658,-4.8097143,-0.71145046,-0.37702113,-0.21679385,-2.4054656,-1.1391673,11.376284,-5.616291,16,16
-7.1458373,-0.09649052,-0.18283254,-0.71111363,-4.875137,3.386608,-0.0457931,-4.012219,-4.94891,-3.2158883,-4.640517,-3.2461886,0.14726461,2.2483337,-4.3793135,-2.465519,8.600406,-6.8357134,16,16
-6.373879,0.112821154,-3.545194,-1.0882992,-5.788091,2.463617,-3.11671,0.036667667,-6.2982965,-3.9283402,-3.7098413,-0.23951827,-0.8230694,1.2792482,-3.5969896,-0.70974606,8.116218,-6.2476563,16,16
-5.879938,-2.2342942,-1.6814437,-2.217998,-5.5583286,-0.31151527,0.6897978,-2.9687235,-5.7338996,-1.9314578,-3.9938228,-0.44412833,0.27993208,-0.97212136,-1.8437741,-0.9379497,12.275788,-5.3825936,16,16
-5.201641,-1.7286156,-1.3648161,-2.6322463,-3.686559,-0.74371994,-0.38960516,-3.0137966,-6.8898544,0.04696119,-3.1150892,-0.20179445,0.41778433,-2.047978,0.42924973,-0.6239247,12.473805,-4.7868805,16,16
-6.0065556,-3.2145908,-1.489997,-3.4073331,-4.603346,-0.55044734,1.8743504,-2.3825338,-6.1214275,-1.7219495,-4.8131223,-0.5401701,-0.37609702,-2.1295552,-1.3226167,-0.5663157,11.834964,-5.5372276,16,16
-5.6119328,-3.1368046,0.9223284,-1.7032988,-4.7265253,0.07496114,2.0128884,-3.448458,-6.4699593,-1.0526236,-5.268134,-0.91198397,-0.23371854,-0.9839034,-1.2207923,-0.8035676,11.4970045,-5.571287,16,16
-5.9368367,-1.8522612,-2.8469946,-2.7960951,-4.1553626,0.49758703,6.482381,-2.9716246,-3.4728096,-2.3076918,-6.6843,0.7931695,4.138691,-3.2080634,-3.1533995,-2.334975,9.979314,-5.8813896,16,16
-4.6883287,6.3124743,-0.41430327,5.4149723,-0.14202002,1.9634765,6.4634795,-0.82419866,-3.0665705,-0.68598384,-2.7662334,-1.0489448,-0.82965076,-1.3255777,-3.328666,-4.4685526,2.1649206,-6.193382,6,6
-6.9007144,2.4614334,-4.50963,8.441519,-6.729579,-3.9096112,1.2648811,1.0707535,3.6040776,-1.0371786,-0.49860853,-6.0174484,-2.2822084,1.1818938,-10.2023115,-5.4939375,-5.8103094,-4.975277,3,6
-10.512018,-5.5496497,0.5220155,-2.7778282,0.06424709,-5.3839006,0.6926752,-3.9957123,3.608654,-5.7069583,-5.360029,-12.564987,-8.700917,3.4357433,-6.221024,4.084741,-5.4558787,-7.4219227,15,6
-6.759834,-2.8872547,0.7497669,-0.34729883,4.3407874,-1.3241713,11.843359,-4.6214437,6.9151235,-3.9527118,-5.4874105,-8.529813,-2.8941872,1.4899756,-8.092395,-3.1032388,-4.3653407,-6.196726,6,6
-8.676656,0.8528773,3.9257226,-0.37394553,2.0432467,-0.35911316,4.377738,-5.9916773,1.2087675,-4.231318,-4.6666484,-10.600838,-6.4249263,7.042636,-5.2010245,-0.17295831,-2.0315304,-9.935857,13,13
-7.337456,1.9061761,0.82663023,1.927997,4.5784197,-1.4657562,-2.6984124,-2.8877327,-1.3264464,-1.2384604,-5.371572,-8.787254,-9.698074,7.1729503,-2.3257186,0.06457752,-5.3431907,-7.8999786,13,13
-7.4163275,1.1495769,-3.707921,-0.20745076,-8.184874,8.042673,-3.130639,5.517881,-1.2871089,-7.980055,-5.878855,-1.7144381,-4.6647925,2.90405,-7.345433,-5.221114,-1.053992,-3.559141,5,7
-7.185005,-6.3875804,-4.6028438,0.9370844,-7.2177086,-3.7097213,-1.5194074,9.45081,-0.66064453,-5.2567744,-4.025322,0.20148546,-7.0496535,-1.6252303,-7.604855,-4.237788,-5.0838695,0.012906212,7,7
-6.503286,-1.8625187,-2.9290009,2.777604,-6.955839,1.7185239,-2.566408,8.625443,-0.30202645,-3.3268046,-5.3739777,2.3413558,-5.8732533,-0.6667076,-6.703986,-6.497847,-3.2936087,-0.95930827,7,7
-7.0767193,0.20164576,-2.604894,5.2910166,-8.355196,3.5295553,0.95187974,5.562364,1.2738441,-5.759187,-5.342039,-0.9255607,-3.5140126,-1.6105022,-8.394144,-6.474939,-4.2216907,-3.3933337,7,7
-7.512751,-5.5977793,-4.2125607,0.62942713,-8.436599,-3.0901062,-1.4858675,9.782395,0.15498942,-4.83877,-4.9845514,1.0257368,-7.285635,-1.6767404,-7.944438,-5.907506,-4.9248834,1.1697807,7,17
-9.100186,-2.6542692,-3.9150164,-0.14287212,-8.703833,-2.262019,1.7036456,3.2305696,7.1541004,-5.952752,-4.064606,-6.0882096,-5.3522687,0.82217944,-8.642497,-5.440378,-6.7843294,0.60258424,8,8
-7.5365815,-2.2017481,-4.6226096,-1.3237723,-4.988372,-2.4354534,1.0084349,0.2288208,9.409722,-2.8639584,-4.101586,-6.3516884,1.3001571,-1.6327815,-8.708151,-4.281269,-7.273129,1.1458769,8,8
-7.0076456,-2.284735,-4.324976,-1.021286,-4.274336,-4.9189253,-0.10878681,-0.5631226,11.504623,-2.0063374,-2.5535526,-7.467847,0.86947364,-1.7448745,-8.221148,-3.8578,-8.637691,0.81114006,8,8
-8.011176,-2.483918,-3.713322,0.928613,-1.0662403,-3.4519713,-0.74508965,-0.74613905,2.929998,-4.6441317,-1.8427453,-10.350044,-7.4956465,6.648108,-5.863967,-0.20024365,-5.1900477,-4.6382627,13,8
-10.154365,-3.5489135,-3.1642988,-1.8724446,-3.3219202,-4.2188764,-3.903542,-2.3985445,5.2397785,-4.4400487,-2.8979611,-12.523989,-8.531845,8.106594,-8.681396,-2.0181513,-5.3088427,-4.463175,13,13
-10.405084,-2.329201,0.6369769,-0.39470655,-2.0244184,-3.163349,-0.47466713,-1.5860633,0.34463987,-4.6059027,-6.455041,-13.466819,-10.975751,9.430175,-7.1088057,-1.2623284,-5.78556,-7.611491,13,13
-11.258688,-1.8291956,-2.3046308,0.46751863,-3.4863486,-1.5852184,-2.4954238,-2.8527014,-1.953209,-5.7790446,-7.0257006,-11.85784,-9.243755,9.667911,-7.5540657,-0.755603,-2.2549682,-9.070108,13,13
-9.894878,-5.148415,-2.1175814,-0.98909235,-4.086232,-3.7901108,-1.2316546,-1.0665591,-0.85993195,-3.1431284,-7.251463,-12.439583,-10.076099,10.379408,-8.672541,-1.1030188,-3.685955,-8.7149725,13,13
-8.584795,-3.254434,-3.4205904,-2.0919693,-2.0783985,-3.447642,-2.987696,-0.4787289,6.071041,-5.1531787,-3.0746858,-12.152396,-7.9766827,8.652882,-8.053837,-1.9464014,-5.4579334,-2.2524245,13,13
-10.514112,-3.2144382,-1.4270121,-0.18619537,-3.431143,-2.3770728,-3.6691053,-2.6838682,0.71802145,-4.0814114,-6.3885665,-12.405314,-8.57108,10.175419,-8.021943,-1.0989678,-4.5257955,-6.153003,13,13
-8.448286,-1.5333332,0.63429856,-0.2975466,2.8057058,-1.7877103,-3.9480298,-2.9790168,-0.88137436,-4.3611393,-7.007646,-10.343969,-9.869137,8.257306,-4.2017784,1.5386257,-4.0404058,-8.81129,13,13
-4.029804,11.676167,-2.8251164,5.0083942,2.1608272,2.5048332,-2.3372009,-1.3812333,-2.4001038,-2.905119,-2.8868945,-2.6844404,-4.726051,2.4144938,-2.545575,-2.6103995,-1.9956152,-7.4075594,1,1
-4.1892047,14.891021,-0.1332337,5.973067,1.050544,1.3694818,1.779791,-2.0800374,-0.9219703,-3.4596047,-1.398362,-4.3954573,-4.188762,0.8139131,-3.9626033,-3.5832722,-3.67222,-8.297982,1,1
-1.4697715,17.686094,0.3800195,4.3745184,3.725561,2.5766249,-2.5108001,-3.1651404,-2.715966,-2.6120734,-0.15783113,-0.9719863,-2.6027594,-0.42401543,3.2957947,-3.2209349,-0.13906352,-7.379525,1,1
-3.2556307,6.309797,5.7350607,-4.3858523,-1.1100514,-0.9732814,-4.97955,-4.681338,-4.743982,-2.0167055,-2.0414665,0.77061903,-1.4462172,-3.431186,13.200228,2.5143306,1.9508772,-3.3816037,14,1
-2.4178212,3.6148915,3.781686,-5.063192,-1.0622418,-1.0515062,-6.417345,-3.8014424,-4.8883185,-2.1346853,-2.416986,1.845555,-1.1078396,-4.1183734,14.471047,3.9016778,2.0758963,-1.9255154,14,14
-2.625645,3.238468,4.57523,-4.965797,-1.4962194,-0.86442727,-5.6984506,-4.155477,-4.408962,-2.2778482,-2.8080626,1.7393956,-1.1287459,-4.008276,14.457929,3.7327952,2.178062,-2.3966544,14,14
-2.6038952,3.14682,4.429858,-5.2479835,-0.93790233,-1.3259863,-6.2550316,-3.9790478,-4.189331,-2.0264697,-2.7920241,1.8826883,-1.2984347,-4.1890616,14.584623,3.7471986,1.9188108,-2.0905423,14,14
-2.7195861,3.1748633,4.5908346,-5.087193,-1.7452638,-0.80440956,-5.8056073,-4.167377,-4.449761,-2.3375103,-2.8625758,1.6750504,-1.0346028,-4.0187955,14.519636,3.752685,2.0769987,-2.4089966,14,14
-2.5687056,3.1555667,4.3860493,-4.9867287,-1.6980736,-0.83238775,-5.9388328,-4.1935515,-4.477389,-2.2367892,-2.791989,1.8355085,-0.93012637,-3.9798856,14.518194,3.8370938,2.174922,-2.3733084,14,14
-2.3943086,3.2378237,4.033248,-4.8964815,-1.6021013,-0.69049305,-6.1377997,-3.932776,-4.7491474,-2.3666844,-2.680073,2.107754,-0.8833569,-3.887029,14.686084,3.8534346,2.233175,-2.0811567,14,14
-2.4646957,2.9945552,4.2951117,-5.05086,-1.5130365,-0.9860718,-6.0566325,-3.9895873,-4.3091664,-2.2201161,-2.782869,1.9917701,-1.0626339,-4.0564637,14.552913,3.7852488,2.093792,-2.1102915,14,14
-2.6042564,2.959261,4.4090543,-5.0925484,-1.6849136,-0.7944945,-6.037292,-3.9478908,-4.562258,-2.3792315,-2.9220026,1.9680582,-0.8864378,-4.065734,14.526,3.7238953,2.2507434,-2.0853739,14,14
-2.629855,3.2191617,4.3972917,-4.76601,-1.821029,-0.5808995,-5.8887157,-4.0189238,-4.7300005,-2.4551365,-2.7716827,1.9215473,-0.790539,-3.9352648,14.527978,3.709018,2.2668347,-2.1826391,14,14
-2.2910979,3.4331,4.160582,-4.607097,-1.5241177,-0.6549346,-6.018678,-4.0064282,-4.602855,-2.2808127,-2.4988444,1.8241527,-0.9528521,-3.8609474,14.726861,3.9819198,2.0289817,-2.2997935,14,14
